Timestamp,ID,Data,Parsed Data
1739436908.5223403,513,b'\xfd\xff\xae\x00M\xff\x00\x00',"""Ia=-0.3A, Ib=17.4A, Ic=-17.9A"""
1739436908.5223403,514,b'\xb0\x08\x84\x08h\x08\xfa\x00',"""Va=222.4V, Vb=218.0V, Vc=215.2V, T=25.0\u00b0C"""
1739436908.5223403,515,b'\x00\x00\x00\x00\x03\x00\x01\x00',"""Speed=0rpm, Target=0rpm, Torque=0.3A"""
1739436908.5324752,513,b'\t\x00\xa5\x00N\xff\x00\x00',"""Ia=0.9A, Ib=16.5A, Ic=-17.8A"""
1739436908.5324752,514,b'\x83\x08\xae\x08\x88\x08\xfa\x00',"""Va=217.9V, Vb=222.2V, Vc=218.4V, T=25.0\u00b0C"""
1739436908.5324752,515,b'\x00\x00\x00\x00\t\x00\x01\x00',"""Speed=0rpm, Target=0rpm, Torque=0.9A"""
1739436908.5430748,513,b'\x02\x00\xac\x00O\xff\x00\x00',"""Ia=0.2A, Ib=17.2A, Ic=-17.7A"""
1739436908.5430748,514,b'\xc3\x08k\x08k\x08\xfa\x00',"""Va=224.3V, Vb=215.5V, Vc=215.5V, T=25.0\u00b0C"""
1739436908.5430748,515,b'\x00\x00\x00\x00\x02\x00\x01\x00',"""Speed=0rpm, Target=0rpm, Torque=0.2A"""
1739436908.5535617,513,b'\xf8\xff\xb7\x00N\xff\x00\x00',"""Ia=-0.8A, Ib=18.3A, Ic=-17.8A"""
1739436908.5535617,514,b'f\x08t\x08\xb2\x08\xfa\x00',"""Va=215.0V, Vb=216.4V, Vc=222.6V, T=25.0\u00b0C"""
1739436908.5535617,515,b'\x00\x00\x00\x00\x08\x00\x01\x00',"""Speed=0rpm, Target=0rpm, Torque=0.8A"""
1739436908.5636196,513,b'\xfe\xff\xb1\x00T\xff\x00\x00',"""Ia=-0.2A, Ib=17.7A, Ic=-17.2A"""
1739436908.5636196,514,b'\x84\x08\xb5\x08\x88\x08\xfa\x00',"""Va=218.0V, Vb=222.9V, Vc=218.4V, T=25.0\u00b0C"""
1739436908.5636196,515,b'\x00\x00\x00\x00\x02\x00\x01\x00',"""Speed=0rpm, Target=0rpm, Torque=0.2A"""
1739436908.5746527,513,b'\x06\x00\xa7\x00J\xff\x00\x00',"""Ia=0.6A, Ib=16.7A, Ic=-18.2A"""
1739436908.5746527,514,b'm\x08t\x08\x95\x08\xfa\x00',"""Va=215.7V, Vb=216.4V, Vc=219.7V, T=25.0\u00b0C"""
1739436908.5746527,515,b'\x00\x00\x00\x00\x06\x00\x01\x00',"""Speed=0rpm, Target=0rpm, Torque=0.6A"""
1739436908.5857549,513,b'\xfd\xff\xb4\x00L\xff\x00\x00',"""Ia=-0.3A, Ib=18.0A, Ic=-18.0A"""
1739436908.5857549,514,b'\x85\x08\x88\x08\xac\x08\xfa\x00',"""Va=218.1V, Vb=218.4V, Vc=222.0V, T=25.0\u00b0C"""
1739436908.5857549,515,b'\x00\x00\x00\x00\x03\x00\x01\x00',"""Speed=0rpm, Target=0rpm, Torque=0.3A"""
1739436908.5960882,513,b'\xfa\xff\xb5\x00\\\xff\x00\x00',"""Ia=-0.6A, Ib=18.1A, Ic=-16.4A"""
1739436908.5960882,514,b'\xc0\x08j\x08f\x08\xfa\x00',"""Va=224.0V, Vb=215.4V, Vc=215.0V, T=25.0\u00b0C"""
1739436908.5960882,515,b'\x00\x00\x00\x00\x06\x00\x01\x00',"""Speed=0rpm, Target=0rpm, Torque=0.6A"""
1739436908.606285,513,b'\x03\x00\xaa\x00Y\xff\x00\x00',"""Ia=0.3A, Ib=17.0A, Ic=-16.7A"""
1739436908.606285,514,b'\x9f\x08\x81\x08\x86\x08\xfa\x00',"""Va=220.7V, Vb=217.7V, Vc=218.2V, T=25.0\u00b0C"""
1739436908.606285,515,b'\x00\x00\x00\x00\x03\x00\x01\x00',"""Speed=0rpm, Target=0rpm, Torque=0.3A"""
1739436908.616804,513,b'\xfb\xff\xb1\x00Y\xff\x00\x00',"""Ia=-0.5A, Ib=17.7A, Ic=-16.7A"""
1739436908.616804,514,b'\x9b\x08k\x08~\x08\xfa\x00',"""Va=220.3V, Vb=215.5V, Vc=217.4V, T=25.0\u00b0C"""
1739436908.616804,515,b'\x00\x00\x00\x00\x05\x00\x01\x00',"""Speed=0rpm, Target=0rpm, Torque=0.5A"""
1739436908.6271768,513,b'\xfd\xff\xa5\x00K\xff\x00\x00',"""Ia=-0.3A, Ib=16.5A, Ic=-18.1A"""
1739436908.6271768,514,b'\xbb\x08\xc3\x08g\x08\xfa\x00',"""Va=223.5V, Vb=224.3V, Vc=215.1V, T=25.0\u00b0C"""
1739436908.6271768,515,b'\x00\x00\x00\x00\x03\x00\x01\x00',"""Speed=0rpm, Target=0rpm, Torque=0.3A"""
1739436908.6377323,513,b'\x01\x00\xa3\x00Y\xff\x00\x00',"""Ia=0.1A, Ib=16.3A, Ic=-16.7A"""
1739436908.6377323,514,b's\x08\x9b\x08\x87\x08\xfa\x00',"""Va=216.3V, Vb=220.3V, Vc=218.3V, T=25.0\u00b0C"""
1739436908.6377323,515,b'\x00\x00\x00\x00\x01\x00\x01\x00',"""Speed=0rpm, Target=0rpm, Torque=0.1A"""
1739436908.6483867,513,b'\xf9\xff\xa8\x00O\xff\x00\x00',"""Ia=-0.7A, Ib=16.8A, Ic=-17.7A"""
1739436908.6483867,514,b'\xb5\x08\x95\x08\xa2\x08\xfa\x00',"""Va=222.9V, Vb=219.7V, Vc=221.0V, T=25.0\u00b0C"""
1739436908.6483867,515,b'\x00\x00\x00\x00\x07\x00\x01\x00',"""Speed=0rpm, Target=0rpm, Torque=0.7A"""
1739436908.659229,513,b'\xfa\xff\xac\x00S\xff\x00\x00',"""Ia=-0.6A, Ib=17.2A, Ic=-17.3A"""
1739436908.659229,514,b'\x8c\x08\xbe\x08\x9c\x08\xfa\x00',"""Va=218.8V, Vb=223.8V, Vc=220.4V, T=25.0\u00b0C"""
1739436908.659229,515,b'\x00\x00\x00\x00\x06\x00\x01\x00',"""Speed=0rpm, Target=0rpm, Torque=0.6A"""
1739436908.6702185,513,b'\xff\xff\xad\x00S\xff\x00\x00',"""Ia=-0.1A, Ib=17.3A, Ic=-17.3A"""
1739436908.6702185,514,b'\x9b\x08j\x08x\x08\xfa\x00',"""Va=220.3V, Vb=215.4V, Vc=216.8V, T=25.0\u00b0C"""
1739436908.6702185,515,b'\x00\x00\x00\x00\x01\x00\x01\x00',"""Speed=0rpm, Target=0rpm, Torque=0.1A"""
1739436908.6803644,513,b'\x02\x00\xb1\x00M\xff\x00\x00',"""Ia=0.2A, Ib=17.7A, Ic=-17.9A"""
1739436908.6803644,514,b'i\x08o\x08\x9e\x08\xfa\x00',"""Va=215.3V, Vb=215.9V, Vc=220.6V, T=25.0\u00b0C"""
1739436908.6803644,515,b'\x00\x00\x00\x00\x02\x00\x01\x00',"""Speed=0rpm, Target=0rpm, Torque=0.2A"""
1739436908.6906657,513,b'\xfb\xff\xb2\x00U\xff\x00\x00',"""Ia=-0.5A, Ib=17.8A, Ic=-17.1A"""
1739436908.6906657,514,b'\x89\x08\x93\x08t\x08\xfa\x00',"""Va=218.5V, Vb=219.5V, Vc=216.4V, T=25.0\u00b0C"""
1739436908.6906657,515,b'\x00\x00\x00\x00\x05\x00\x01\x00',"""Speed=0rpm, Target=0rpm, Torque=0.5A"""
1739436908.7010274,513,b'\xfa\xff\xb5\x00N\xff\x00\x00',"""Ia=-0.6A, Ib=18.1A, Ic=-17.8A"""
1739436908.7010274,514,b'\x9a\x08r\x08\xa2\x08\xfa\x00',"""Va=220.2V, Vb=216.2V, Vc=221.0V, T=25.0\u00b0C"""
1739436908.7010274,515,b'\x00\x00\x00\x00\x06\x00\x01\x00',"""Speed=0rpm, Target=0rpm, Torque=0.6A"""
1739436908.7118518,513,b'\x02\x00\xa3\x00J\xff\x00\x00',"""Ia=0.2A, Ib=16.3A, Ic=-18.2A"""
1739436908.7118518,514,b'g\x08\xa4\x08z\x08\xfa\x00',"""Va=215.1V, Vb=221.2V, Vc=217.0V, T=25.0\u00b0C"""
1739436908.7118518,515,b'\x00\x00\x00\x00\x02\x00\x01\x00',"""Speed=0rpm, Target=0rpm, Torque=0.2A"""
1739436908.72213,513,b'\x06\x00\xb3\x00M\xff\x00\x00',"""Ia=0.6A, Ib=17.9A, Ic=-17.9A"""
1739436908.72213,514,b'\x93\x08\x92\x08\xa1\x08\xfa\x00',"""Va=219.5V, Vb=219.4V, Vc=220.9V, T=25.0\u00b0C"""
1739436908.72213,515,b'\x00\x00\x00\x00\x06\x00\x01\x00',"""Speed=0rpm, Target=0rpm, Torque=0.6A"""
1739436908.732925,513,b'\xfe\xff\xa3\x00S\xff\x00\x00',"""Ia=-0.2A, Ib=16.3A, Ic=-17.3A"""
1739436908.732925,514,b'\x9c\x08{\x08\xbb\x08\xfa\x00',"""Va=220.4V, Vb=217.1V, Vc=223.5V, T=25.0\u00b0C"""
1739436908.732925,515,b'\x00\x00\x00\x00\x02\x00\x01\x00',"""Speed=0rpm, Target=0rpm, Torque=0.2A"""
1739436908.743842,513,b'\x08\x00\xb5\x00T\xff\x00\x00',"""Ia=0.8A, Ib=18.1A, Ic=-17.2A"""
1739436908.743842,514,b't\x08\x9e\x08\x83\x08\xfa\x00',"""Va=216.4V, Vb=220.6V, Vc=217.9V, T=25.0\u00b0C"""
1739436908.743842,515,b'\x00\x00\x00\x00\x08\x00\x01\x00',"""Speed=0rpm, Target=0rpm, Torque=0.8A"""
1739436908.7540963,513,b'\x08\x00\xb3\x00S\xff\x00\x00',"""Ia=0.8A, Ib=17.9A, Ic=-17.3A"""
1739436908.7540963,514,b'\x7f\x08q\x08\xaf\x08\xfa\x00',"""Va=217.5V, Vb=216.1V, Vc=222.3V, T=25.0\u00b0C"""
1739436908.7540963,515,b'\x00\x00\x00\x00\x08\x00\x01\x00',"""Speed=0rpm, Target=0rpm, Torque=0.8A"""
1739436908.7650607,513,b'\x08\x00\xac\x00Y\xff\x00\x00',"""Ia=0.8A, Ib=17.2A, Ic=-16.7A"""
1739436908.7650607,514,b'\xb8\x08\xb5\x08\xbc\x08\xfa\x00',"""Va=223.2V, Vb=222.9V, Vc=223.6V, T=25.0\u00b0C"""
1739436908.7650607,515,b'\x00\x00\x00\x00\x08\x00\x01\x00',"""Speed=0rpm, Target=0rpm, Torque=0.8A"""
1739436908.7751281,513,b'\xfd\xff\xac\x00[\xff\x00\x00',"""Ia=-0.3A, Ib=17.2A, Ic=-16.5A"""
1739436908.7751281,514,b'\xa0\x08\xa7\x08t\x08\xfa\x00',"""Va=220.8V, Vb=221.5V, Vc=216.4V, T=25.0\u00b0C"""
1739436908.7751281,515,b'\x00\x00\x00\x00\x03\x00\x01\x00',"""Speed=0rpm, Target=0rpm, Torque=0.3A"""
1739436908.7857316,513,b'\x08\x00\xa4\x00Q\xff\x00\x00',"""Ia=0.8A, Ib=16.4A, Ic=-17.5A"""
1739436908.7857316,514,b'\xb4\x08\x84\x08\x83\x08\xfa\x00',"""Va=222.8V, Vb=218.0V, Vc=217.9V, T=25.0\u00b0C"""
1739436908.7857316,515,b'\x00\x00\x00\x00\x08\x00\x01\x00',"""Speed=0rpm, Target=0rpm, Torque=0.8A"""
1739436908.7959616,513,b'\x04\x00\xb5\x00R\xff\x00\x00',"""Ia=0.4A, Ib=18.1A, Ic=-17.4A"""
1739436908.7959616,514,b'}\x08\xa2\x08q\x08\xfa\x00',"""Va=217.3V, Vb=221.0V, Vc=216.1V, T=25.0\u00b0C"""
1739436908.7959616,515,b'\x00\x00\x00\x00\x04\x00\x01\x00',"""Speed=0rpm, Target=0rpm, Torque=0.4A"""
1739436908.8061678,513,b'\xfd\xff\xb2\x00K\xff\x00\x00',"""Ia=-0.3A, Ib=17.8A, Ic=-18.1A"""
1739436908.8061678,514,b'{\x08\xc1\x08\x86\x08\xfa\x00',"""Va=217.1V, Vb=224.1V, Vc=218.2V, T=25.0\u00b0C"""
1739436908.8061678,515,b'\x00\x00\x00\x00\x03\x00\x01\x00',"""Speed=0rpm, Target=0rpm, Torque=0.3A"""
1739436908.816316,513,b'\xfb\xff\xb4\x00Z\xff\x00\x00',"""Ia=-0.5A, Ib=18.0A, Ic=-16.6A"""
1739436908.816316,514,b'\x93\x08\xa5\x08\xac\x08\xfa\x00',"""Va=219.5V, Vb=221.3V, Vc=222.0V, T=25.0\u00b0C"""
1739436908.816316,515,b'\x00\x00\x00\x00\x05\x00\x01\x00',"""Speed=0rpm, Target=0rpm, Torque=0.5A"""
1739436908.8269444,513,b'\x06\x00\xaa\x00\\\xff\x00\x00',"""Ia=0.6A, Ib=17.0A, Ic=-16.4A"""
1739436908.8269444,514,b'\xc1\x08\xa0\x08\x8a\x08\xfa\x00',"""Va=224.1V, Vb=220.8V, Vc=218.6V, T=25.0\u00b0C"""
1739436908.8269444,515,b'\x00\x00\x00\x00\x06\x00\x01\x00',"""Speed=0rpm, Target=0rpm, Torque=0.6A"""
1739436908.8374236,513,b'\xfd\xff\xaa\x00X\xff\x00\x00',"""Ia=-0.3A, Ib=17.0A, Ic=-16.8A"""
1739436908.8374236,514,b'~\x08v\x08\xc4\x08\xfa\x00',"""Va=217.4V, Vb=216.6V, Vc=224.4V, T=25.0\u00b0C"""
1739436908.8374236,515,b'\x00\x00\x00\x00\x03\x00\x01\x00',"""Speed=0rpm, Target=0rpm, Torque=0.3A"""
1739436908.8483899,513,b'\xf9\xff\xad\x00\\\xff\x00\x00',"""Ia=-0.7A, Ib=17.3A, Ic=-16.4A"""
1739436908.8483899,514,b'\x85\x08\x99\x08\xab\x08\xfa\x00',"""Va=218.1V, Vb=220.1V, Vc=221.9V, T=25.0\u00b0C"""
1739436908.8483899,515,b'\x00\x00\x00\x00\x07\x00\x01\x00',"""Speed=0rpm, Target=0rpm, Torque=0.7A"""
1739436908.8588972,513,b'\xfc\xff\xa9\x00N\xff\x00\x00',"""Ia=-0.4A, Ib=16.9A, Ic=-17.8A"""
1739436908.8588972,514,b'x\x08v\x08\xa3\x08\xfa\x00',"""Va=216.8V, Vb=216.6V, Vc=221.1V, T=25.0\u00b0C"""
1739436908.8588972,515,b'\x00\x00\x00\x00\x04\x00\x01\x00',"""Speed=0rpm, Target=0rpm, Torque=0.4A"""
1739436908.8690233,513,b'\x08\x00\xae\x00M\xff\x00\x00',"""Ia=0.8A, Ib=17.4A, Ic=-17.9A"""
1739436908.8690233,514,b'k\x08\x82\x08\x7f\x08\xfa\x00',"""Va=215.5V, Vb=217.8V, Vc=217.5V, T=25.0\u00b0C"""
1739436908.8690233,515,b'\x00\x00\x00\x00\x08\x00\x01\x00',"""Speed=0rpm, Target=0rpm, Torque=0.8A"""
1739436908.879897,513,b'\x08\x00\xb6\x00R\xff\x00\x00',"""Ia=0.8A, Ib=18.2A, Ic=-17.4A"""
1739436908.879897,514,b'\xb3\x08\xb7\x08\x81\x08\xfa\x00',"""Va=222.7V, Vb=223.1V, Vc=217.7V, T=25.0\u00b0C"""
1739436908.879897,515,b'\x00\x00\x00\x00\x08\x00\x01\x00',"""Speed=0rpm, Target=0rpm, Torque=0.8A"""
1739436908.8899784,513,b'\x00\x00\xaf\x00\\\xff\x00\x00',"""Ia=0.0A, Ib=17.5A, Ic=-16.4A"""
1739436908.8899784,514,b'\xc8\x08|\x08g\x08\xfa\x00',"""Va=224.8V, Vb=217.2V, Vc=215.1V, T=25.0\u00b0C"""
1739436908.8899784,515,b'\x00\x00\x00\x00\x00\x00\x01\x00',"""Speed=0rpm, Target=0rpm, Torque=0.0A"""
1739436908.9000692,513,b'\x00\x00\xa9\x00M\xff\x00\x00',"""Ia=0.0A, Ib=16.9A, Ic=-17.9A"""
1739436908.9001114,514,b'\x8f\x08\x86\x08\xac\x08\xfa\x00',"""Va=219.1V, Vb=218.2V, Vc=222.0V, T=25.0\u00b0C"""
1739436908.9001114,515,b'\x00\x00\x00\x00\x00\x00\x01\x00',"""Speed=0rpm, Target=0rpm, Torque=0.0A"""
1739436908.9103098,513,b'\x00\x00\xa7\x00M\xff\x00\x00',"""Ia=0.0A, Ib=16.7A, Ic=-17.9A"""
1739436908.9103098,514,b'\xb3\x08\xb6\x08\xc5\x08\xfa\x00',"""Va=222.7V, Vb=223.0V, Vc=224.5V, T=25.0\u00b0C"""
1739436908.9103098,515,b'\x00\x00\x00\x00\x00\x00\x01\x00',"""Speed=0rpm, Target=0rpm, Torque=0.0A"""
1739436908.9203677,513,b'\x08\x00\xa3\x00J\xff\x00\x00',"""Ia=0.8A, Ib=16.3A, Ic=-18.2A"""
1739436908.9203677,514,b'\x8d\x08\xc6\x08\xa6\x08\xfa\x00',"""Va=218.9V, Vb=224.6V, Vc=221.4V, T=25.0\u00b0C"""
1739436908.9203677,515,b'\x00\x00\x00\x00\x08\x00\x01\x00',"""Speed=0rpm, Target=0rpm, Torque=0.8A"""
1739436908.9304814,513,b'\x04\x00\xa4\x00M\xff\x00\x00',"""Ia=0.4A, Ib=16.4A, Ic=-17.9A"""
1739436908.9304814,514,b'\x97\x08\xaf\x08\xa5\x08\xfa\x00',"""Va=219.9V, Vb=222.3V, Vc=221.3V, T=25.0\u00b0C"""
1739436908.9304814,515,b'\x00\x00\x00\x00\x04\x00\x01\x00',"""Speed=0rpm, Target=0rpm, Torque=0.4A"""
1739436908.9407914,513,b'\xff\xff\xb2\x00L\xff\x00\x00',"""Ia=-0.1A, Ib=17.8A, Ic=-18.0A"""
1739436908.9407914,514,b'f\x08\xc7\x08p\x08\xfa\x00',"""Va=215.0V, Vb=224.7V, Vc=216.0V, T=25.0\u00b0C"""
1739436908.9407914,515,b'\x00\x00\x00\x00\x01\x00\x01\x00',"""Speed=0rpm, Target=0rpm, Torque=0.1A"""
1739436908.9508545,513,b'\x07\x00\xae\x00M\xff\x00\x00',"""Ia=0.7A, Ib=17.4A, Ic=-17.9A"""
1739436908.9508984,514,b'\xbd\x08\xab\x08\xb1\x08\xfa\x00',"""Va=223.7V, Vb=221.9V, Vc=222.5V, T=25.0\u00b0C"""
1739436908.9508984,515,b'\x00\x00\x00\x00\x07\x00\x01\x00',"""Speed=0rpm, Target=0rpm, Torque=0.7A"""
1739436908.9609208,513,b'\x08\x00\xaf\x00\\\xff\x00\x00',"""Ia=0.8A, Ib=17.5A, Ic=-16.4A"""
1739436908.9609208,514,b'\xb1\x08\x99\x08\xa9\x08\xfa\x00',"""Va=222.5V, Vb=220.1V, Vc=221.7V, T=25.0\u00b0C"""
1739436908.9609208,515,b'\x00\x00\x00\x00\x08\x00\x01\x00',"""Speed=0rpm, Target=0rpm, Torque=0.8A"""
1739436908.971006,513,b'\xfe\xff\xb4\x00S\xff\x00\x00',"""Ia=-0.2A, Ib=18.0A, Ic=-17.3A"""
1739436908.971006,514,b'\xb2\x08j\x08\xb4\x08\xfa\x00',"""Va=222.6V, Vb=215.4V, Vc=222.8V, T=25.0\u00b0C"""
1739436908.971006,515,b'\x00\x00\x00\x00\x02\x00\x01\x00',"""Speed=0rpm, Target=0rpm, Torque=0.2A"""
1739436908.9810872,513,b'\x07\x00\xae\x00]\xff\x00\x00',"""Ia=0.7A, Ib=17.4A, Ic=-16.3A"""
1739436908.9811156,514,b'\x85\x08n\x08\xbf\x08\xfa\x00',"""Va=218.1V, Vb=215.8V, Vc=223.9V, T=25.0\u00b0C"""
1739436908.9811156,515,b'\x00\x00\x00\x00\x07\x00\x01\x00',"""Speed=0rpm, Target=0rpm, Torque=0.7A"""
1739436908.9912593,513,b'\x08\x00\xb6\x00V\xff\x00\x00',"""Ia=0.8A, Ib=18.2A, Ic=-17.0A"""
1739436908.9912593,514,b'\xb5\x08\x9c\x08\x97\x08\xfa\x00',"""Va=222.9V, Vb=220.4V, Vc=219.9V, T=25.0\u00b0C"""
1739436908.991287,515,b'\x00\x00\x00\x00\x08\x00\x01\x00',"""Speed=0rpm, Target=0rpm, Torque=0.8A"""
1739436909.002072,513,b'\x04\x00\xa5\x00N\xff\x00\x00',"""Ia=0.4A, Ib=16.5A, Ic=-17.8A"""
1739436909.002072,514,b'r\x08\x9f\x08\xbb\x08\xfa\x00',"""Va=216.2V, Vb=220.7V, Vc=223.5V, T=25.0\u00b0C"""
1739436909.002072,515,b'\x00\x00\x00\x00\x04\x00\x01\x00',"""Speed=0rpm, Target=0rpm, Torque=0.4A"""
1739436909.0121143,513,b'\xfb\xff\xa8\x00U\xff\x00\x00',"""Ia=-0.5A, Ib=16.8A, Ic=-17.1A"""
1739436909.0121143,514,b'\xbd\x08\x99\x08\xc8\x08\xfa\x00',"""Va=223.7V, Vb=220.1V, Vc=224.8V, T=25.0\u00b0C"""
1739436909.0121143,515,b'\x00\x00\x00\x00\x05\x00\x01\x00',"""Speed=0rpm, Target=0rpm, Torque=0.5A"""
1739436909.022293,513,b'\xf9\xff\xb7\x00N\xff\x00\x00',"""Ia=-0.7A, Ib=18.3A, Ic=-17.8A"""
1739436909.022293,514,b'p\x08\x8f\x08k\x08\xfa\x00',"""Va=216.0V, Vb=219.1V, Vc=215.5V, T=25.0\u00b0C"""
1739436909.022293,515,b'\x00\x00\x00\x00\x07\x00\x01\x00',"""Speed=0rpm, Target=0rpm, Torque=0.7A"""
1739436909.0323992,513,b'\x00\x00\xb1\x00V\xff\x00\x00',"""Ia=0.0A, Ib=17.7A, Ic=-17.0A"""
1739436909.0323992,514,b'\xa9\x08\xc1\x08}\x08\xfa\x00',"""Va=221.7V, Vb=224.1V, Vc=217.3V, T=25.0\u00b0C"""
1739436909.0323992,515,b'\x00\x00\x00\x00\x00\x00\x01\x00',"""Speed=0rpm, Target=0rpm, Torque=0.0A"""
1739436909.0426524,513,b'\t\x00\xb2\x00[\xff\x00\x00',"""Ia=0.9A, Ib=17.8A, Ic=-16.5A"""
1739436909.0426524,514,b'\xad\x08l\x08\xbd\x08\xfa\x00',"""Va=222.1V, Vb=215.6V, Vc=223.7V, T=25.0\u00b0C"""
1739436909.0426524,515,b'\x00\x00\x00\x00\t\x00\x01\x00',"""Speed=0rpm, Target=0rpm, Torque=0.9A"""
1739436909.0527387,513,b'\x00\x00\xa3\x00P\xff\x00\x00',"""Ia=0.0A, Ib=16.3A, Ic=-17.6A"""
1739436909.0527797,514,b'\xb9\x08\x89\x08x\x08\xfa\x00',"""Va=223.3V, Vb=218.5V, Vc=216.8V, T=25.0\u00b0C"""
1739436909.0527797,515,b'\x00\x00\x00\x00\x00\x00\x01\x00',"""Speed=0rpm, Target=0rpm, Torque=0.0A"""
1739436909.0632157,513,b'\x08\x00\xb0\x00U\xff\x00\x00',"""Ia=0.8A, Ib=17.6A, Ic=-17.1A"""
1739436909.0632157,514,b'\x8f\x08\x95\x08\xbe\x08\xfa\x00',"""Va=219.1V, Vb=219.7V, Vc=223.8V, T=25.0\u00b0C"""
1739436909.0632157,515,b'\x00\x00\x00\x00\x08\x00\x01\x00',"""Speed=0rpm, Target=0rpm, Torque=0.8A"""
1739436909.0733685,513,b'\xff\xff\xb3\x00P\xff\x00\x00',"""Ia=-0.1A, Ib=17.9A, Ic=-17.6A"""
1739436909.0733912,514,b'\xae\x08\x8d\x08i\x08\xfa\x00',"""Va=222.2V, Vb=218.9V, Vc=215.3V, T=25.0\u00b0C"""
1739436909.0733912,515,b'\x00\x00\x00\x00\x01\x00\x01\x00',"""Speed=0rpm, Target=0rpm, Torque=0.1A"""
1739436909.0837202,513,b'\xfc\xff\xa5\x00V\xff\x00\x00',"""Ia=-0.4A, Ib=16.5A, Ic=-17.0A"""
1739436909.0837202,514,b'\x86\x08q\x08\xc7\x08\xfa\x00',"""Va=218.2V, Vb=216.1V, Vc=224.7V, T=25.0\u00b0C"""
1739436909.0837202,515,b'\x00\x00\x00\x00\x04\x00\x01\x00',"""Speed=0rpm, Target=0rpm, Torque=0.4A"""
1739436909.0938606,513,b'\x04\x00\xa9\x00M\xff\x00\x00',"""Ia=0.4A, Ib=16.9A, Ic=-17.9A"""
1739436909.0938606,514,b'k\x08\xac\x08\x93\x08\xfa\x00',"""Va=215.5V, Vb=222.0V, Vc=219.5V, T=25.0\u00b0C"""
1739436909.0938606,515,b'\x00\x00\x00\x00\x04\x00\x01\x00',"""Speed=0rpm, Target=0rpm, Torque=0.4A"""
1739436909.103991,513,b'\xf8\xff\xac\x00R\xff\x00\x00',"""Ia=-0.8A, Ib=17.2A, Ic=-17.4A"""
1739436909.103991,514,b'\x97\x08\x9c\x08\x88\x08\xfa\x00',"""Va=219.9V, Vb=220.4V, Vc=218.4V, T=25.0\u00b0C"""
1739436909.103991,515,b'\x00\x00\x00\x00\x08\x00\x01\x00',"""Speed=0rpm, Target=0rpm, Torque=0.8A"""
1739436909.114614,513,b'\xf8\xff\xb0\x00O\xff\x00\x00',"""Ia=-0.8A, Ib=17.6A, Ic=-17.7A"""
1739436909.114614,514,b'\x85\x08\x9f\x08\xaa\x08\xfa\x00',"""Va=218.1V, Vb=220.7V, Vc=221.8V, T=25.0\u00b0C"""
1739436909.114614,515,b'\x00\x00\x00\x00\x08\x00\x01\x00',"""Speed=0rpm, Target=0rpm, Torque=0.8A"""
1739436909.125021,513,b'\xff\xff\xa9\x00Z\xff\x00\x00',"""Ia=-0.1A, Ib=16.9A, Ic=-16.6A"""
1739436909.125021,514,b'\x8e\x08u\x08\xa4\x08\xfa\x00',"""Va=219.0V, Vb=216.5V, Vc=221.2V, T=25.0\u00b0C"""
1739436909.125021,515,b'\x00\x00\x00\x00\x01\x00\x01\x00',"""Speed=0rpm, Target=0rpm, Torque=0.1A"""
1739436909.1351335,513,b'\x00\x00\xb3\x00L\xff\x00\x00',"""Ia=0.0A, Ib=17.9A, Ic=-18.0A"""
1739436909.1351335,514,b'x\x08\xa0\x08\xa2\x08\xfa\x00',"""Va=216.8V, Vb=220.8V, Vc=221.0V, T=25.0\u00b0C"""
1739436909.1351335,515,b'\x00\x00\x00\x00\x00\x00\x01\x00',"""Speed=0rpm, Target=0rpm, Torque=0.0A"""
1739436909.145546,513,b'\xf7\xff\xb6\x00V\xff\x00\x00',"""Ia=-0.9A, Ib=18.2A, Ic=-17.0A"""
1739436909.145546,514,b'\x8d\x08\xb3\x08\x85\x08\xfa\x00',"""Va=218.9V, Vb=222.7V, Vc=218.1V, T=25.0\u00b0C"""
1739436909.145546,515,b'\x00\x00\x00\x00\t\x00\x01\x00',"""Speed=0rpm, Target=0rpm, Torque=0.9A"""
1739436909.1556978,513,b'\xf8\xff\xa3\x00P\xff\x00\x00',"""Ia=-0.8A, Ib=16.3A, Ic=-17.6A"""
1739436909.1556978,514,b'\x9c\x08\x93\x08\x8b\x08\xfa\x00',"""Va=220.4V, Vb=219.5V, Vc=218.7V, T=25.0\u00b0C"""
1739436909.1556978,515,b'\x00\x00\x00\x00\x08\x00\x01\x00',"""Speed=0rpm, Target=0rpm, Torque=0.8A"""
1739436909.165985,513,b'\x07\x00\xb0\x00K\xff\x00\x00',"""Ia=0.7A, Ib=17.6A, Ic=-18.1A"""
1739436909.165985,514,b'\xb7\x08\xa4\x08\x9d\x08\xfa\x00',"""Va=223.1V, Vb=221.2V, Vc=220.5V, T=25.0\u00b0C"""
1739436909.165985,515,b'\x00\x00\x00\x00\x07\x00\x01\x00',"""Speed=0rpm, Target=0rpm, Torque=0.7A"""
1739436909.1763844,513,b'\xf7\xff\xad\x00N\xff\x00\x00',"""Ia=-0.9A, Ib=17.3A, Ic=-17.8A"""
1739436909.1763844,514,b'\xa1\x08\x8b\x08\x81\x08\xfa\x00',"""Va=220.9V, Vb=218.7V, Vc=217.7V, T=25.0\u00b0C"""
1739436909.1763844,515,b'\x00\x00\x00\x00\t\x00\x01\x00',"""Speed=0rpm, Target=0rpm, Torque=0.9A"""
1739436909.1870975,513,b'\x04\x00\xac\x00Z\xff\x00\x00',"""Ia=0.4A, Ib=17.2A, Ic=-16.6A"""
1739436909.1870975,514,b'\xa2\x08|\x08\xb3\x08\xfa\x00',"""Va=221.0V, Vb=217.2V, Vc=222.7V, T=25.0\u00b0C"""
1739436909.1870975,515,b'\x00\x00\x00\x00\x04\x00\x01\x00',"""Speed=0rpm, Target=0rpm, Torque=0.4A"""
1739436909.1972542,513,b'\x08\x00\xac\x00Y\xff\x00\x00',"""Ia=0.8A, Ib=17.2A, Ic=-16.7A"""
1739436909.1972542,514,b'\x9c\x08\xad\x08f\x08\xfa\x00',"""Va=220.4V, Vb=222.1V, Vc=215.0V, T=25.0\u00b0C"""
1739436909.1972542,515,b'\x00\x00\x00\x00\x08\x00\x01\x00',"""Speed=0rpm, Target=0rpm, Torque=0.8A"""
1739436909.2074418,513,b'\x04\x00\xad\x00Q\xff\x00\x00',"""Ia=0.4A, Ib=17.3A, Ic=-17.5A"""
1739436909.2074418,514,b'u\x08\x98\x08m\x08\xfa\x00',"""Va=216.5V, Vb=220.0V, Vc=215.7V, T=25.0\u00b0C"""
1739436909.2074418,515,b'\x00\x00\x00\x00\x04\x00\x01\x00',"""Speed=0rpm, Target=0rpm, Torque=0.4A"""
1739436909.2176445,513,b'\xfb\xff\xb3\x00T\xff\x00\x00',"""Ia=-0.5A, Ib=17.9A, Ic=-17.2A"""
1739436909.2176445,514,b's\x08s\x08\xbb\x08\xfa\x00',"""Va=216.3V, Vb=216.3V, Vc=223.5V, T=25.0\u00b0C"""
1739436909.2176445,515,b'\x00\x00\x00\x00\x05\x00\x01\x00',"""Speed=0rpm, Target=0rpm, Torque=0.5A"""
1739436909.227756,513,b'\xf7\xff\xac\x00Y\xff\x00\x00',"""Ia=-0.9A, Ib=17.2A, Ic=-16.7A"""
1739436909.227756,514,b'\x9e\x08\xb8\x08|\x08\xfa\x00',"""Va=220.6V, Vb=223.2V, Vc=217.2V, T=25.0\u00b0C"""
1739436909.227756,515,b'\x00\x00\x00\x00\t\x00\x01\x00',"""Speed=0rpm, Target=0rpm, Torque=0.9A"""
1739436909.2380626,513,b'\xf9\xff\xab\x00Y\xff\x00\x00',"""Ia=-0.7A, Ib=17.1A, Ic=-16.7A"""
1739436909.2380626,514,b'~\x08\xa7\x08v\x08\xfa\x00',"""Va=217.4V, Vb=221.5V, Vc=216.6V, T=25.0\u00b0C"""
1739436909.2380626,515,b'\x00\x00\x00\x00\x07\x00\x01\x00',"""Speed=0rpm, Target=0rpm, Torque=0.7A"""
1739436909.2489305,513,b'\x00\x00\xb4\x00W\xff\x00\x00',"""Ia=0.0A, Ib=18.0A, Ic=-16.9A"""
1739436909.2489305,514,b'\xb6\x08i\x08\xc4\x08\xfa\x00',"""Va=223.0V, Vb=215.3V, Vc=224.4V, T=25.0\u00b0C"""
1739436909.2489305,515,b'\x00\x00\x00\x00\x00\x00\x01\x00',"""Speed=0rpm, Target=0rpm, Torque=0.0A"""
1739436909.259085,513,b'\x01\x00\xb0\x00P\xff\x00\x00',"""Ia=0.1A, Ib=17.6A, Ic=-17.6A"""
1739436909.259085,514,b'\xab\x08\xba\x08\xc4\x08\xfa\x00',"""Va=221.9V, Vb=223.4V, Vc=224.4V, T=25.0\u00b0C"""
1739436909.259085,515,b'\x00\x00\x00\x00\x01\x00\x01\x00',"""Speed=0rpm, Target=0rpm, Torque=0.1A"""
1739436909.2694757,513,b'\xf9\xff\xae\x00]\xff\x00\x00',"""Ia=-0.7A, Ib=17.4A, Ic=-16.3A"""
1739436909.2694757,514,b'\x86\x08i\x08j\x08\xfa\x00',"""Va=218.2V, Vb=215.3V, Vc=215.4V, T=25.0\u00b0C"""
1739436909.2694757,515,b'\x00\x00\x00\x00\x07\x00\x01\x00',"""Speed=0rpm, Target=0rpm, Torque=0.7A"""
1739436909.2798896,513,b'\x01\x00\xa6\x00Y\xff\x00\x00',"""Ia=0.1A, Ib=16.6A, Ic=-16.7A"""
1739436909.2798896,514,b'\xbf\x08\x9b\x08\x95\x08\xfa\x00',"""Va=223.9V, Vb=220.3V, Vc=219.7V, T=25.0\u00b0C"""
1739436909.2798896,515,b'\x00\x00\x00\x00\x01\x00\x01\x00',"""Speed=0rpm, Target=0rpm, Torque=0.1A"""
1739436909.2901185,513,b'\x03\x00\xb3\x00W\xff\x00\x00',"""Ia=0.3A, Ib=17.9A, Ic=-16.9A"""
1739436909.2901185,514,b'\xb5\x08\xc4\x08f\x08\xfa\x00',"""Va=222.9V, Vb=224.4V, Vc=215.0V, T=25.0\u00b0C"""
1739436909.2901185,515,b'\x00\x00\x00\x00\x03\x00\x01\x00',"""Speed=0rpm, Target=0rpm, Torque=0.3A"""
1739436909.3009481,513,b'\xfe\xff\xb4\x00J\xff\x00\x00',"""Ia=-0.2A, Ib=18.0A, Ic=-18.2A"""
1739436909.3009481,514,b'l\x08\x8a\x08\x80\x08\xfa\x00',"""Va=215.6V, Vb=218.6V, Vc=217.6V, T=25.0\u00b0C"""
1739436909.3009481,515,b'\x00\x00\x00\x00\x02\x00\x01\x00',"""Speed=0rpm, Target=0rpm, Torque=0.2A"""
1739436909.3114805,513,b'\x03\x00\xae\x00N\xff\x00\x00',"""Ia=0.3A, Ib=17.4A, Ic=-17.8A"""
1739436909.3114805,514,b'i\x08\xbd\x08\x8e\x08\xfa\x00',"""Va=215.3V, Vb=223.7V, Vc=219.0V, T=25.0\u00b0C"""
1739436909.3114805,515,b'\x00\x00\x00\x00\x03\x00\x01\x00',"""Speed=0rpm, Target=0rpm, Torque=0.3A"""
1739436909.3218083,513,b'\x06\x00\xa6\x00R\xff\x00\x00',"""Ia=0.6A, Ib=16.6A, Ic=-17.4A"""
1739436909.3218083,514,b'\xa1\x08\x92\x08\x97\x08\xfa\x00',"""Va=220.9V, Vb=219.4V, Vc=219.9V, T=25.0\u00b0C"""
1739436909.3218083,515,b'\x00\x00\x00\x00\x06\x00\x01\x00',"""Speed=0rpm, Target=0rpm, Torque=0.6A"""
1739436909.3328018,513,b'\xfc\xff\xa8\x00J\xff\x00\x00',"""Ia=-0.4A, Ib=16.8A, Ic=-18.2A"""
1739436909.3328018,514,b'r\x08\x84\x08\x92\x08\xfa\x00',"""Va=216.2V, Vb=218.0V, Vc=219.4V, T=25.0\u00b0C"""
1739436909.3328018,515,b'\x00\x00\x00\x00\x04\x00\x01\x00',"""Speed=0rpm, Target=0rpm, Torque=0.4A"""
1739436909.3429544,513,b'\xf8\xff\xb3\x00M\xff\x00\x00',"""Ia=-0.8A, Ib=17.9A, Ic=-17.9A"""
1739436909.3429544,514,b'\xaf\x08\x9c\x08\x92\x08\xfa\x00',"""Va=222.3V, Vb=220.4V, Vc=219.4V, T=25.0\u00b0C"""
1739436909.3429544,515,b'\x00\x00\x00\x00\x08\x00\x01\x00',"""Speed=0rpm, Target=0rpm, Torque=0.8A"""
1739436909.3530474,513,b'\xfe\xff\xa5\x00\\\xff\x00\x00',"""Ia=-0.2A, Ib=16.5A, Ic=-16.4A"""
1739436909.3530474,514,b'm\x08\xb3\x08\xc0\x08\xfa\x00',"""Va=215.7V, Vb=222.7V, Vc=224.0V, T=25.0\u00b0C"""
1739436909.3530474,515,b'\x00\x00\x00\x00\x02\x00\x01\x00',"""Speed=0rpm, Target=0rpm, Torque=0.2A"""
1739436909.3633091,513,b'\x00\x00\xb5\x00Q\xff\x00\x00',"""Ia=0.0A, Ib=18.1A, Ic=-17.5A"""
1739436909.3633091,514,b'q\x08\x9e\x08v\x08\xfa\x00',"""Va=216.1V, Vb=220.6V, Vc=216.6V, T=25.0\u00b0C"""
1739436909.3633091,515,b'\x00\x00\x00\x00\x00\x00\x01\x00',"""Speed=0rpm, Target=0rpm, Torque=0.0A"""
1739436909.3738575,513,b'\x07\x00\xa8\x00L\xff\x00\x00',"""Ia=0.7A, Ib=16.8A, Ic=-18.0A"""
1739436909.3738575,514,b'\xc8\x08\x8f\x08i\x08\xfa\x00',"""Va=224.8V, Vb=219.1V, Vc=215.3V, T=25.0\u00b0C"""
1739436909.3738575,515,b'\x00\x00\x00\x00\x07\x00\x01\x00',"""Speed=0rpm, Target=0rpm, Torque=0.7A"""
1739436909.3844,513,b'\x07\x00\xa6\x00U\xff\x00\x00',"""Ia=0.7A, Ib=16.6A, Ic=-17.1A"""
1739436909.3844,514,b'\x90\x08x\x08\xac\x08\xfa\x00',"""Va=219.2V, Vb=216.8V, Vc=222.0V, T=25.0\u00b0C"""
1739436909.3844,515,b'\x00\x00\x00\x00\x07\x00\x01\x00',"""Speed=0rpm, Target=0rpm, Torque=0.7A"""
1739436909.3948178,513,b'\x07\x00\xaa\x00Q\xff\x00\x00',"""Ia=0.7A, Ib=17.0A, Ic=-17.5A"""
1739436909.3948178,514,b'p\x08\x88\x08k\x08\xfa\x00',"""Va=216.0V, Vb=218.4V, Vc=215.5V, T=25.0\u00b0C"""
1739436909.3948178,515,b'\x00\x00\x00\x00\x07\x00\x01\x00',"""Speed=0rpm, Target=0rpm, Torque=0.7A"""
1739436909.4050012,513,b'\xf9\xff\xae\x00K\xff\x00\x00',"""Ia=-0.7A, Ib=17.4A, Ic=-18.1A"""
1739436909.4050012,514,b'\xc0\x08o\x08\x9b\x08\xfa\x00',"""Va=224.0V, Vb=215.9V, Vc=220.3V, T=25.0\u00b0C"""
1739436909.4050012,515,b'\x00\x00\x00\x00\x07\x00\x01\x00',"""Speed=0rpm, Target=0rpm, Torque=0.7A"""
1739436909.4151006,513,b'\x01\x00\xa6\x00U\xff\x00\x00',"""Ia=0.1A, Ib=16.6A, Ic=-17.1A"""
1739436909.4151006,514,b'\xbe\x08\x85\x08u\x08\xfa\x00',"""Va=223.8V, Vb=218.1V, Vc=216.5V, T=25.0\u00b0C"""
1739436909.4151006,515,b'\x00\x00\x00\x00\x01\x00\x01\x00',"""Speed=0rpm, Target=0rpm, Torque=0.1A"""
1739436909.4253898,513,b'\x01\x00\xad\x00[\xff\x00\x00',"""Ia=0.1A, Ib=17.3A, Ic=-16.5A"""
1739436909.4253898,514,b'\x84\x08t\x08p\x08\xfa\x00',"""Va=218.0V, Vb=216.4V, Vc=216.0V, T=25.0\u00b0C"""
1739436909.4253898,515,b'\x00\x00\x00\x00\x01\x00\x01\x00',"""Speed=0rpm, Target=0rpm, Torque=0.1A"""
1739436909.4358418,513,b'\xfe\xff\xb3\x00U\xff\x00\x00',"""Ia=-0.2A, Ib=17.9A, Ic=-17.1A"""
1739436909.4358418,514,b'\x8e\x08\xb7\x08\xa5\x08\xfa\x00',"""Va=219.0V, Vb=223.1V, Vc=221.3V, T=25.0\u00b0C"""
1739436909.4358418,515,b'\x00\x00\x00\x00\x02\x00\x01\x00',"""Speed=0rpm, Target=0rpm, Torque=0.2A"""
1739436909.4459834,513,b'\xf7\xff\xa9\x00K\xff\x00\x00',"""Ia=-0.9A, Ib=16.9A, Ic=-18.1A"""
1739436909.4459834,514,b'\xb8\x08\x9b\x08f\x08\xfa\x00',"""Va=223.2V, Vb=220.3V, Vc=215.0V, T=25.0\u00b0C"""
1739436909.4459834,515,b'\x00\x00\x00\x00\t\x00\x01\x00',"""Speed=0rpm, Target=0rpm, Torque=0.9A"""
1739436909.4561958,513,b'\xf8\xff\xb0\x00U\xff\x00\x00',"""Ia=-0.8A, Ib=17.6A, Ic=-17.1A"""
1739436909.4561958,514,b'\x9b\x08\x92\x08\xaa\x08\xfa\x00',"""Va=220.3V, Vb=219.4V, Vc=221.8V, T=25.0\u00b0C"""
1739436909.4561958,515,b'\x00\x00\x00\x00\x08\x00\x01\x00',"""Speed=0rpm, Target=0rpm, Torque=0.8A"""
1739436909.4668965,513,b'\x00\x00\xac\x00\\\xff\x00\x00',"""Ia=0.0A, Ib=17.2A, Ic=-16.4A"""
1739436909.4668965,514,b'\xbe\x08\x85\x08\x8a\x08\xfa\x00',"""Va=223.8V, Vb=218.1V, Vc=218.6V, T=25.0\u00b0C"""
1739436909.4668965,515,b'\x00\x00\x00\x00\x00\x00\x01\x00',"""Speed=0rpm, Target=0rpm, Torque=0.0A"""
1739436909.4773679,513,b'\xf9\xff\xb4\x00V\xff\x00\x00',"""Ia=-0.7A, Ib=18.0A, Ic=-17.0A"""
1739436909.4773679,514,b'\x8c\x08l\x08n\x08\xfa\x00',"""Va=218.8V, Vb=215.6V, Vc=215.8V, T=25.0\u00b0C"""
1739436909.4773679,515,b'\x00\x00\x00\x00\x07\x00\x01\x00',"""Speed=0rpm, Target=0rpm, Torque=0.7A"""
1739436909.4880788,513,b'\x08\x00\xb6\x00X\xff\x00\x00',"""Ia=0.8A, Ib=18.2A, Ic=-16.8A"""
1739436909.4880788,514,b'\xb4\x08\x98\x08\xaa\x08\xfa\x00',"""Va=222.8V, Vb=220.0V, Vc=221.8V, T=25.0\u00b0C"""
1739436909.4880788,515,b'\x00\x00\x00\x00\x08\x00\x01\x00',"""Speed=0rpm, Target=0rpm, Torque=0.8A"""
1739436909.498657,513,b'\xfa\xff\xb2\x00Y\xff\x00\x00',"""Ia=-0.6A, Ib=17.8A, Ic=-16.7A"""
1739436909.498657,514,b'\xc3\x08\x98\x08\x8d\x08\xfa\x00',"""Va=224.3V, Vb=220.0V, Vc=218.9V, T=25.0\u00b0C"""
1739436909.498657,515,b'\x00\x00\x00\x00\x06\x00\x01\x00',"""Speed=0rpm, Target=0rpm, Torque=0.6A"""
1739436909.508912,513,b'\x00\x00\xa9\x00]\xff\x00\x00',"""Ia=0.0A, Ib=16.9A, Ic=-16.3A"""
1739436909.508912,514,b'w\x08\xa0\x08w\x08\xfa\x00',"""Va=216.7V, Vb=220.8V, Vc=216.7V, T=25.0\u00b0C"""
1739436909.508912,515,b'\x00\x00\x00\x00\x00\x00\x01\x00',"""Speed=0rpm, Target=0rpm, Torque=0.0A"""
1739436909.5191538,513,b'\x05\x00\xb0\x00N\xff\x00\x00',"""Ia=0.5A, Ib=17.6A, Ic=-17.8A"""
1739436909.5191538,514,b'\xc4\x08\xa9\x08\x9f\x08\xfa\x00',"""Va=224.4V, Vb=221.7V, Vc=220.7V, T=25.0\u00b0C"""
1739436909.5191538,515,b'\x00\x00\x00\x00\x05\x00\x01\x00',"""Speed=0rpm, Target=0rpm, Torque=0.5A"""
1739436909.5294309,513,b'\x01\x00\xa6\x00O\xff\x00\x00',"""Ia=0.1A, Ib=16.6A, Ic=-17.7A"""
1739436909.5294309,514,b'\x9e\x08\xaa\x08m\x08\xfa\x00',"""Va=220.6V, Vb=221.8V, Vc=215.7V, T=25.0\u00b0C"""
1739436909.5294309,515,b'\x00\x00\x00\x00\x01\x00\x01\x00',"""Speed=0rpm, Target=0rpm, Torque=0.1A"""
1739436909.5395815,513,b'\x02\x00\xb5\x00X\xff\x00\x00',"""Ia=0.2A, Ib=18.1A, Ic=-16.8A"""
1739436909.5395815,514,b'\x91\x08\x9f\x08\xb1\x08\xfa\x00',"""Va=219.3V, Vb=220.7V, Vc=222.5V, T=25.0\u00b0C"""
1739436909.5395815,515,b'\x00\x00\x00\x00\x02\x00\x01\x00',"""Speed=0rpm, Target=0rpm, Torque=0.2A"""
1739436909.5502164,513,b'\x07\x00\xac\x00J\xff\x00\x00',"""Ia=0.7A, Ib=17.2A, Ic=-18.2A"""
1739436909.5502164,514,b'\x90\x08\x89\x08\x89\x08\xfa\x00',"""Va=219.2V, Vb=218.5V, Vc=218.5V, T=25.0\u00b0C"""
1739436909.5502164,515,b'\x00\x00\x00\x00\x07\x00\x01\x00',"""Speed=0rpm, Target=0rpm, Torque=0.7A"""
1739436909.561101,513,b'\xff\xff\xad\x00S\xff\x00\x00',"""Ia=-0.1A, Ib=17.3A, Ic=-17.3A"""
1739436909.561101,514,b'{\x08\xa9\x08\xbb\x08\xfa\x00',"""Va=217.1V, Vb=221.7V, Vc=223.5V, T=25.0\u00b0C"""
1739436909.561101,515,b'\x00\x00\x00\x00\x01\x00\x01\x00',"""Speed=0rpm, Target=0rpm, Torque=0.1A"""
1739436909.5713813,513,b'\xf9\xff\xb1\x00S\xff\x00\x00',"""Ia=-0.7A, Ib=17.7A, Ic=-17.3A"""
1739436909.5713813,514,b'\x8b\x08o\x08g\x08\xfa\x00',"""Va=218.7V, Vb=215.9V, Vc=215.1V, T=25.0\u00b0C"""
1739436909.5713813,515,b'\x00\x00\x00\x00\x07\x00\x01\x00',"""Speed=0rpm, Target=0rpm, Torque=0.7A"""
1739436909.5819016,513,b'\xf8\xff\xb0\x00\\\xff\x00\x00',"""Ia=-0.8A, Ib=17.6A, Ic=-16.4A"""
1739436909.5819016,514,b'\xb9\x08p\x08\x8e\x08\xfa\x00',"""Va=223.3V, Vb=216.0V, Vc=219.0V, T=25.0\u00b0C"""
1739436909.5819016,515,b'\x00\x00\x00\x00\x08\x00\x01\x00',"""Speed=0rpm, Target=0rpm, Torque=0.8A"""
1739436909.592295,513,b'\x02\x00\xb1\x00Q\xff\x00\x00',"""Ia=0.2A, Ib=17.7A, Ic=-17.5A"""
1739436909.592295,514,b'\xa4\x08m\x08\xc5\x08\xfa\x00',"""Va=221.2V, Vb=215.7V, Vc=224.5V, T=25.0\u00b0C"""
1739436909.592295,515,b'\x00\x00\x00\x00\x02\x00\x01\x00',"""Speed=0rpm, Target=0rpm, Torque=0.2A"""
1739436909.6030593,513,b'\x00\x00\xb2\x00X\xff\x00\x00',"""Ia=0.0A, Ib=17.8A, Ic=-16.8A"""
1739436909.6030593,514,b'\xa6\x08\x9f\x08\x92\x08\xfa\x00',"""Va=221.4V, Vb=220.7V, Vc=219.4V, T=25.0\u00b0C"""
1739436909.6030593,515,b'\x00\x00\x00\x00\x00\x00\x01\x00',"""Speed=0rpm, Target=0rpm, Torque=0.0A"""
1739436909.6140237,513,b'\x02\x00\xa5\x00L\xff\x00\x00',"""Ia=0.2A, Ib=16.5A, Ic=-18.0A"""
1739436909.6140237,514,b'h\x08\xb5\x08\xb3\x08\xfa\x00',"""Va=215.2V, Vb=222.9V, Vc=222.7V, T=25.0\u00b0C"""
1739436909.6140237,515,b'\x00\x00\x00\x00\x02\x00\x01\x00',"""Speed=0rpm, Target=0rpm, Torque=0.2A"""
1739436909.6249862,513,b'\xf9\xff\xa6\x00W\xff\x00\x00',"""Ia=-0.7A, Ib=16.6A, Ic=-16.9A"""
1739436909.6249862,514,b'\x89\x08~\x08\xb5\x08\xfa\x00',"""Va=218.5V, Vb=217.4V, Vc=222.9V, T=25.0\u00b0C"""
1739436909.6249862,515,b'\x00\x00\x00\x00\x07\x00\x01\x00',"""Speed=0rpm, Target=0rpm, Torque=0.7A"""
1739436909.6356685,513,b'\x03\x00\xa9\x00K\xff\x00\x00',"""Ia=0.3A, Ib=16.9A, Ic=-18.1A"""
1739436909.6356685,514,b'\x8b\x08\xb5\x08\xac\x08\xfa\x00',"""Va=218.7V, Vb=222.9V, Vc=222.0V, T=25.0\u00b0C"""
1739436909.6356685,515,b'\x00\x00\x00\x00\x03\x00\x01\x00',"""Speed=0rpm, Target=0rpm, Torque=0.3A"""
1739436909.64579,513,b'\xfa\xff\xa6\x00W\xff\x00\x00',"""Ia=-0.6A, Ib=16.6A, Ic=-16.9A"""
1739436909.64579,514,b'\xaa\x08\x9e\x08\x8a\x08\xfa\x00',"""Va=221.8V, Vb=220.6V, Vc=218.6V, T=25.0\u00b0C"""
1739436909.64579,515,b'\x00\x00\x00\x00\x06\x00\x01\x00',"""Speed=0rpm, Target=0rpm, Torque=0.6A"""
1739436909.656001,513,b'\xfd\xff\xb6\x00W\xff\x00\x00',"""Ia=-0.3A, Ib=18.2A, Ic=-16.9A"""
1739436909.656001,514,b'\xc5\x08\x80\x08\x83\x08\xfa\x00',"""Va=224.5V, Vb=217.6V, Vc=217.9V, T=25.0\u00b0C"""
1739436909.656001,515,b'\x00\x00\x00\x00\x03\x00\x01\x00',"""Speed=0rpm, Target=0rpm, Torque=0.3A"""
1739436909.6663427,513,b'\xfa\xff\xaa\x00W\xff\x00\x00',"""Ia=-0.6A, Ib=17.0A, Ic=-16.9A"""
1739436909.6663427,514,b'\x95\x08{\x08g\x08\xfa\x00',"""Va=219.7V, Vb=217.1V, Vc=215.1V, T=25.0\u00b0C"""
1739436909.6663427,515,b'\x00\x00\x00\x00\x06\x00\x01\x00',"""Speed=0rpm, Target=0rpm, Torque=0.6A"""
1739436909.676743,513,b'\xf7\xff\xa3\x00L\xff\x00\x00',"""Ia=-0.9A, Ib=16.3A, Ic=-18.0A"""
1739436909.676743,514,b'~\x08w\x08\x97\x08\xfa\x00',"""Va=217.4V, Vb=216.7V, Vc=219.9V, T=25.0\u00b0C"""
1739436909.676743,515,b'\x00\x00\x00\x00\t\x00\x01\x00',"""Speed=0rpm, Target=0rpm, Torque=0.9A"""
1739436909.6874263,513,b'\xfb\xff\xb6\x00[\xff\x00\x00',"""Ia=-0.5A, Ib=18.2A, Ic=-16.5A"""
1739436909.6874263,514,b'\xb9\x08n\x08z\x08\xfa\x00',"""Va=223.3V, Vb=215.8V, Vc=217.0V, T=25.0\u00b0C"""
1739436909.6874263,515,b'\x00\x00\x00\x00\x05\x00\x01\x00',"""Speed=0rpm, Target=0rpm, Torque=0.5A"""
1739436909.6977255,513,b'\x08\x00\xb0\x00U\xff\x00\x00',"""Ia=0.8A, Ib=17.6A, Ic=-17.1A"""
1739436909.6977255,514,b'\xb9\x08\xaf\x08\x92\x08\xfa\x00',"""Va=223.3V, Vb=222.3V, Vc=219.4V, T=25.0\u00b0C"""
1739436909.6977255,515,b'\x00\x00\x00\x00\x08\x00\x01\x00',"""Speed=0rpm, Target=0rpm, Torque=0.8A"""
1739436909.7086701,513,b'\t\x00\xaf\x00K\xff\x00\x00',"""Ia=0.9A, Ib=17.5A, Ic=-18.1A"""
1739436909.7087045,514,b'\x96\x08\xc1\x08\x85\x08\xfa\x00',"""Va=219.8V, Vb=224.1V, Vc=218.1V, T=25.0\u00b0C"""
1739436909.7087045,515,b'\x00\x00\x00\x00\t\x00\x01\x00',"""Speed=0rpm, Target=0rpm, Torque=0.9A"""
1739436909.719495,513,b'\x07\x00\xb3\x00V\xff\x00\x00',"""Ia=0.7A, Ib=17.9A, Ic=-17.0A"""
1739436909.719495,514,b'\xa4\x08\xc8\x08\xb8\x08\xfa\x00',"""Va=221.2V, Vb=224.8V, Vc=223.2V, T=25.0\u00b0C"""
1739436909.719495,515,b'\x00\x00\x00\x00\x07\x00\x01\x00',"""Speed=0rpm, Target=0rpm, Torque=0.7A"""
1739436909.7295783,513,b'\x08\x00\xb1\x00Q\xff\x00\x00',"""Ia=0.8A, Ib=17.7A, Ic=-17.5A"""
1739436909.7295783,514,b'\xc3\x08\x9c\x08f\x08\xfa\x00',"""Va=224.3V, Vb=220.4V, Vc=215.0V, T=25.0\u00b0C"""
1739436909.7296243,515,b'\x00\x00\x00\x00\x08\x00\x01\x00',"""Speed=0rpm, Target=0rpm, Torque=0.8A"""
1739436909.7398446,513,b'\x03\x00\xb4\x00Y\xff\x00\x00',"""Ia=0.3A, Ib=18.0A, Ic=-16.7A"""
1739436909.7398446,514,b'\x93\x08l\x08f\x08\xfa\x00',"""Va=219.5V, Vb=215.6V, Vc=215.0V, T=25.0\u00b0C"""
1739436909.7398446,515,b'\x00\x00\x00\x00\x03\x00\x01\x00',"""Speed=0rpm, Target=0rpm, Torque=0.3A"""
1739436909.7502885,513,b'\xfe\xff\xad\x00J\xff\x00\x00',"""Ia=-0.2A, Ib=17.3A, Ic=-18.2A"""
1739436909.7502885,514,b'{\x08\x99\x08u\x08\xfa\x00',"""Va=217.1V, Vb=220.1V, Vc=216.5V, T=25.0\u00b0C"""
1739436909.7502885,515,b'\x00\x00\x00\x00\x02\x00\x01\x00',"""Speed=0rpm, Target=0rpm, Torque=0.2A"""
1739436909.7603502,513,b'\xfe\xff\xaa\x00J\xff\x00\x00',"""Ia=-0.2A, Ib=17.0A, Ic=-18.2A"""
1739436909.7603502,514,b'\xc3\x08u\x08\xa2\x08\xfa\x00',"""Va=224.3V, Vb=216.5V, Vc=221.0V, T=25.0\u00b0C"""
1739436909.7603502,515,b'\x00\x00\x00\x00\x02\x00\x01\x00',"""Speed=0rpm, Target=0rpm, Torque=0.2A"""
1739436909.7710161,513,b'\x04\x00\xa5\x00Y\xff\x00\x00',"""Ia=0.4A, Ib=16.5A, Ic=-16.7A"""
1739436909.7710595,514,b'\xa9\x08\xc7\x08\x98\x08\xfa\x00',"""Va=221.7V, Vb=224.7V, Vc=220.0V, T=25.0\u00b0C"""
1739436909.7710595,515,b'\x00\x00\x00\x00\x04\x00\x01\x00',"""Speed=0rpm, Target=0rpm, Torque=0.4A"""
1739436909.781096,513,b'\x02\x00\xb4\x00J\xff\x00\x00',"""Ia=0.2A, Ib=18.0A, Ic=-18.2A"""
1739436909.781096,514,b'\xa0\x08\x84\x08\xb1\x08\xfa\x00',"""Va=220.8V, Vb=218.0V, Vc=222.5V, T=25.0\u00b0C"""
1739436909.781096,515,b'\x00\x00\x00\x00\x02\x00\x01\x00',"""Speed=0rpm, Target=0rpm, Torque=0.2A"""
1739436909.7913375,513,b'\x02\x00\xa5\x00T\xff\x00\x00',"""Ia=0.2A, Ib=16.5A, Ic=-17.2A"""
1739436909.7913375,514,b'|\x08\x91\x08\x98\x08\xfa\x00',"""Va=217.2V, Vb=219.3V, Vc=220.0V, T=25.0\u00b0C"""
1739436909.7913375,515,b'\x00\x00\x00\x00\x02\x00\x01\x00',"""Speed=0rpm, Target=0rpm, Torque=0.2A"""
1739436909.8014817,513,b'\xfa\xff\xaa\x00J\xff\x00\x00',"""Ia=-0.6A, Ib=17.0A, Ic=-18.2A"""
1739436909.8014817,514,b'\x8a\x08l\x08\xc3\x08\xfa\x00',"""Va=218.6V, Vb=215.6V, Vc=224.3V, T=25.0\u00b0C"""
1739436909.8014817,515,b'\x00\x00\x00\x00\x06\x00\x01\x00',"""Speed=0rpm, Target=0rpm, Torque=0.6A"""
1739436909.811977,513,b'\x01\x00\xaf\x00U\xff\x00\x00',"""Ia=0.1A, Ib=17.5A, Ic=-17.1A"""
1739436909.811977,514,b'\xb3\x08j\x08x\x08\xfa\x00',"""Va=222.7V, Vb=215.4V, Vc=216.8V, T=25.0\u00b0C"""
1739436909.811977,515,b'\x00\x00\x00\x00\x01\x00\x01\x00',"""Speed=0rpm, Target=0rpm, Torque=0.1A"""
1739436909.8220656,513,b'\xfc\xff\xa8\x00V\xff\x00\x00',"""Ia=-0.4A, Ib=16.8A, Ic=-17.0A"""
1739436909.8221385,514,b'\xc5\x08\xbb\x08\xb6\x08\xfa\x00',"""Va=224.5V, Vb=223.5V, Vc=223.0V, T=25.0\u00b0C"""
1739436909.8221385,515,b'\x00\x00\x00\x00\x04\x00\x01\x00',"""Speed=0rpm, Target=0rpm, Torque=0.4A"""
1739436909.832609,513,b'\x02\x00\xa4\x00R\xff\x00\x00',"""Ia=0.2A, Ib=16.4A, Ic=-17.4A"""
1739436909.832609,514,b'\xa1\x08r\x08\x9d\x08\xfa\x00',"""Va=220.9V, Vb=216.2V, Vc=220.5V, T=25.0\u00b0C"""
1739436909.832609,515,b'\x00\x00\x00\x00\x02\x00\x01\x00',"""Speed=0rpm, Target=0rpm, Torque=0.2A"""
1739436909.8427017,513,b'\xff\xff\xb2\x00U\xff\x00\x00',"""Ia=-0.1A, Ib=17.8A, Ic=-17.1A"""
1739436909.8427434,514,b'\xaa\x08\x90\x08\x9f\x08\xfa\x00',"""Va=221.8V, Vb=219.2V, Vc=220.7V, T=25.0\u00b0C"""
1739436909.8427434,515,b'\x00\x00\x00\x00\x01\x00\x01\x00',"""Speed=0rpm, Target=0rpm, Torque=0.1A"""
1739436909.852773,513,b'\xfa\xff\xa3\x00U\xff\x00\x00',"""Ia=-0.6A, Ib=16.3A, Ic=-17.1A"""
1739436909.852773,514,b'\x8e\x08\xa2\x08|\x08\xfa\x00',"""Va=219.0V, Vb=221.0V, Vc=217.2V, T=25.0\u00b0C"""
1739436909.852773,515,b'\x00\x00\x00\x00\x06\x00\x01\x00',"""Speed=0rpm, Target=0rpm, Torque=0.6A"""
1739436909.8633072,513,b'\x08\x00\xaa\x00]\xff\x00\x00',"""Ia=0.8A, Ib=17.0A, Ic=-16.3A"""
1739436909.8633072,514,b'\xa1\x08\xa9\x08\xa9\x08\xfa\x00',"""Va=220.9V, Vb=221.7V, Vc=221.7V, T=25.0\u00b0C"""
1739436909.8633072,515,b'\x00\x00\x00\x00\x08\x00\x01\x00',"""Speed=0rpm, Target=0rpm, Torque=0.8A"""
1739436909.8733625,513,b'\xff\xff\xaa\x00M\xff\x00\x00',"""Ia=-0.1A, Ib=17.0A, Ic=-17.9A"""
1739436909.8734038,514,b'n\x08\xa8\x08\x91\x08\xfa\x00',"""Va=215.8V, Vb=221.6V, Vc=219.3V, T=25.0\u00b0C"""
1739436909.8734038,515,b'\x00\x00\x00\x00\x01\x00\x01\x00',"""Speed=0rpm, Target=0rpm, Torque=0.1A"""
1739436909.883479,513,b'\xff\xff\xa4\x00U\xff\x00\x00',"""Ia=-0.1A, Ib=16.4A, Ic=-17.1A"""
1739436909.883479,514,b'\x95\x08r\x08\x7f\x08\xfa\x00',"""Va=219.7V, Vb=216.2V, Vc=217.5V, T=25.0\u00b0C"""
1739436909.883479,515,b'\x00\x00\x00\x00\x01\x00\x01\x00',"""Speed=0rpm, Target=0rpm, Torque=0.1A"""
1739436909.8938239,513,b'\xfc\xff\xb2\x00M\xff\x00\x00',"""Ia=-0.4A, Ib=17.8A, Ic=-17.9A"""
1739436909.8938239,514,b'\x88\x08\x98\x08\xac\x08\xfa\x00',"""Va=218.4V, Vb=220.0V, Vc=222.0V, T=25.0\u00b0C"""
1739436909.8938239,515,b'\x00\x00\x00\x00\x04\x00\x01\x00',"""Speed=0rpm, Target=0rpm, Torque=0.4A"""
1739436909.9048269,513,b'\xf9\xff\xa7\x00Y\xff\x00\x00',"""Ia=-0.7A, Ib=16.7A, Ic=-16.7A"""
1739436909.9048593,514,b'\xc4\x08\xc2\x08\x84\x08\xfa\x00',"""Va=224.4V, Vb=224.2V, Vc=218.0V, T=25.0\u00b0C"""
1739436909.9048593,515,b'\x00\x00\x00\x00\x07\x00\x01\x00',"""Speed=0rpm, Target=0rpm, Torque=0.7A"""
1739436909.9152808,513,b'\x00\x00\xb6\x00U\xff\x00\x00',"""Ia=0.0A, Ib=18.2A, Ic=-17.1A"""
1739436909.9152808,514,b'\xb0\x08k\x08\xae\x08\xfa\x00',"""Va=222.4V, Vb=215.5V, Vc=222.2V, T=25.0\u00b0C"""
1739436909.9152808,515,b'\x00\x00\x00\x00\x00\x00\x01\x00',"""Speed=0rpm, Target=0rpm, Torque=0.0A"""
1739436909.9253469,513,b'\x07\x00\xa8\x00O\xff\x00\x00',"""Ia=0.7A, Ib=16.8A, Ic=-17.7A"""
1739436909.9253469,514,b'\xbd\x08\x9e\x08o\x08\xfa\x00',"""Va=223.7V, Vb=220.6V, Vc=215.9V, T=25.0\u00b0C"""
1739436909.9253469,515,b'\x00\x00\x00\x00\x07\x00\x01\x00',"""Speed=0rpm, Target=0rpm, Torque=0.7A"""
1739436909.9362342,513,b'\xf9\xff\xb7\x00W\xff\x00\x00',"""Ia=-0.7A, Ib=18.3A, Ic=-16.9A"""
1739436909.9362342,514,b'\x8a\x08\xb8\x08k\x08\xfa\x00',"""Va=218.6V, Vb=223.2V, Vc=215.5V, T=25.0\u00b0C"""
1739436909.9362342,515,b'\x00\x00\x00\x00\x07\x00\x01\x00',"""Speed=0rpm, Target=0rpm, Torque=0.7A"""
1739436909.9468837,513,b'\x01\x00\xa9\x00N\xff\x00\x00',"""Ia=0.1A, Ib=16.9A, Ic=-17.8A"""
1739436909.9468837,514,b'\x9c\x08i\x08\x87\x08\xfa\x00',"""Va=220.4V, Vb=215.3V, Vc=218.3V, T=25.0\u00b0C"""
1739436909.9468837,515,b'\x00\x00\x00\x00\x01\x00\x01\x00',"""Speed=0rpm, Target=0rpm, Torque=0.1A"""
1739436909.957091,513,b'\xfa\xff\xb3\x00M\xff\x00\x00',"""Ia=-0.6A, Ib=17.9A, Ic=-17.9A"""
1739436909.957091,514,b'\xb6\x08\xbc\x08\xb1\x08\xfa\x00',"""Va=223.0V, Vb=223.6V, Vc=222.5V, T=25.0\u00b0C"""
1739436909.957091,515,b'\x00\x00\x00\x00\x06\x00\x01\x00',"""Speed=0rpm, Target=0rpm, Torque=0.6A"""
1739436909.968089,513,b'\xfb\xff\xb3\x00K\xff\x00\x00',"""Ia=-0.5A, Ib=17.9A, Ic=-18.1A"""
1739436909.968089,514,b'\x83\x08l\x08\xb9\x08\xfa\x00',"""Va=217.9V, Vb=215.6V, Vc=223.3V, T=25.0\u00b0C"""
1739436909.968089,515,b'\x00\x00\x00\x00\x05\x00\x01\x00',"""Speed=0rpm, Target=0rpm, Torque=0.5A"""
1739436909.9783092,513,b'\x00\x00\xaf\x00Y\xff\x00\x00',"""Ia=0.0A, Ib=17.5A, Ic=-16.7A"""
1739436909.9783092,514,b'\xa5\x08q\x08\xc0\x08\xfa\x00',"""Va=221.3V, Vb=216.1V, Vc=224.0V, T=25.0\u00b0C"""
1739436909.9783092,515,b'\x00\x00\x00\x00\x00\x00\x01\x00',"""Speed=0rpm, Target=0rpm, Torque=0.0A"""
1739436909.98854,513,b'\x00\x00\xb3\x00T\xff\x00\x00',"""Ia=0.0A, Ib=17.9A, Ic=-17.2A"""
1739436909.98854,514,b'\x9a\x08\x93\x08\x84\x08\xfa\x00',"""Va=220.2V, Vb=219.5V, Vc=218.0V, T=25.0\u00b0C"""
1739436909.98854,515,b'\x00\x00\x00\x00\x00\x00\x01\x00',"""Speed=0rpm, Target=0rpm, Torque=0.0A"""
1739436909.9990773,513,b'\x07\x00\xa8\x00W\xff\x00\x00',"""Ia=0.7A, Ib=16.8A, Ic=-16.9A"""
1739436909.9990773,514,b'\xa3\x08\x92\x08\x9f\x08\xfa\x00',"""Va=221.1V, Vb=219.4V, Vc=220.7V, T=25.0\u00b0C"""
1739436909.9990773,515,b'\x00\x00\x00\x00\x07\x00\x01\x00',"""Speed=0rpm, Target=0rpm, Torque=0.7A"""
1739436910.0091796,513,b'\x00\x00\xa6\x00T\xff\x00\x00',"""Ia=0.0A, Ib=16.6A, Ic=-17.2A"""
1739436910.0091796,514,b'\xc6\x08k\x08\x85\x08\xfa\x00',"""Va=224.6V, Vb=215.5V, Vc=218.1V, T=25.0\u00b0C"""
1739436910.0091796,515,b'\x00\x00\x00\x00\x00\x00\x01\x00',"""Speed=0rpm, Target=0rpm, Torque=0.0A"""
1739436910.01995,513,b'\x08\x00\xab\x00K\xff\x00\x00',"""Ia=0.8A, Ib=17.1A, Ic=-18.1A"""
1739436910.01995,514,b'\xc4\x08\x9f\x08x\x08\xfa\x00',"""Va=224.4V, Vb=220.7V, Vc=216.8V, T=25.0\u00b0C"""
1739436910.01995,515,b'\x00\x00\x00\x00\x08\x00\x01\x00',"""Speed=0rpm, Target=0rpm, Torque=0.8A"""
1739436910.0302136,513,b'\x06\x00\xa6\x00W\xff\x00\x00',"""Ia=0.6A, Ib=16.6A, Ic=-16.9A"""
1739436910.0302136,514,b'\x8f\x08v\x08\x97\x08\xfa\x00',"""Va=219.1V, Vb=216.6V, Vc=219.9V, T=25.0\u00b0C"""
1739436910.0302136,515,b'\x00\x00\x00\x00\x06\x00\x01\x00',"""Speed=0rpm, Target=0rpm, Torque=0.6A"""
1739436910.0407462,513,b'\x08\x00\xb6\x00[\xff\x00\x00',"""Ia=0.8A, Ib=18.2A, Ic=-16.5A"""
1739436910.0407462,514,b'\x87\x08\xc4\x08\xb4\x08\xfa\x00',"""Va=218.3V, Vb=224.4V, Vc=222.8V, T=25.0\u00b0C"""
1739436910.0407462,515,b'\x00\x00\x00\x00\x08\x00\x01\x00',"""Speed=0rpm, Target=0rpm, Torque=0.8A"""
1739436910.05116,513,b'\xfd\xff\xb6\x00J\xff\x00\x00',"""Ia=-0.3A, Ib=18.2A, Ic=-18.2A"""
1739436910.05116,514,b'x\x08s\x08\xb3\x08\xfa\x00',"""Va=216.8V, Vb=216.3V, Vc=222.7V, T=25.0\u00b0C"""
1739436910.05116,515,b'\x00\x00\x00\x00\x03\x00\x01\x00',"""Speed=0rpm, Target=0rpm, Torque=0.3A"""
1739436910.0613918,513,b'\xfc\xff\xae\x00S\xff\x00\x00',"""Ia=-0.4A, Ib=17.4A, Ic=-17.3A"""
1739436910.0613918,514,b'\xb0\x08x\x08\xb1\x08\xfa\x00',"""Va=222.4V, Vb=216.8V, Vc=222.5V, T=25.0\u00b0C"""
1739436910.0613918,515,b'\x00\x00\x00\x00\x04\x00\x01\x00',"""Speed=0rpm, Target=0rpm, Torque=0.4A"""
1739436910.0723925,513,b'\x04\x00\xae\x00U\xff\x00\x00',"""Ia=0.4A, Ib=17.4A, Ic=-17.1A"""
1739436910.0723925,514,b'\xaf\x08\xa2\x08\x96\x08\xfa\x00',"""Va=222.3V, Vb=221.0V, Vc=219.8V, T=25.0\u00b0C"""
1739436910.0723925,515,b'\x00\x00\x00\x00\x04\x00\x01\x00',"""Speed=0rpm, Target=0rpm, Torque=0.4A"""
1739436910.083137,513,b'\x07\x00\xa3\x00Q\xff\x00\x00',"""Ia=0.7A, Ib=16.3A, Ic=-17.5A"""
1739436910.083137,514,b'\xa2\x08\xb8\x08\xaf\x08\xfa\x00',"""Va=221.0V, Vb=223.2V, Vc=222.3V, T=25.0\u00b0C"""
1739436910.083137,515,b'\x00\x00\x00\x00\x07\x00\x01\x00',"""Speed=0rpm, Target=0rpm, Torque=0.7A"""
1739436910.093471,513,b'\xfd\xff\xb5\x00X\xff\x00\x00',"""Ia=-0.3A, Ib=18.1A, Ic=-16.8A"""
1739436910.093471,514,b'\xba\x08\x9d\x08\xae\x08\xfa\x00',"""Va=223.4V, Vb=220.5V, Vc=222.2V, T=25.0\u00b0C"""
1739436910.093471,515,b'\x00\x00\x00\x00\x03\x00\x01\x00',"""Speed=0rpm, Target=0rpm, Torque=0.3A"""
1739436910.1036198,513,b'\xf8\xff\xb4\x00\\\xff\x00\x00',"""Ia=-0.8A, Ib=18.0A, Ic=-16.4A"""
1739436910.1036198,514,b'\xb1\x08\xc5\x08\xc4\x08\xfa\x00',"""Va=222.5V, Vb=224.5V, Vc=224.4V, T=25.0\u00b0C"""
1739436910.1036198,515,b'\x00\x00\x00\x00\x08\x00\x01\x00',"""Speed=0rpm, Target=0rpm, Torque=0.8A"""
1739436910.1145413,513,b'\x02\x00\xad\x00P\xff\x00\x00',"""Ia=0.2A, Ib=17.3A, Ic=-17.6A"""
1739436910.1145413,514,b'\xb6\x08\xa9\x08\xb8\x08\xfa\x00',"""Va=223.0V, Vb=221.7V, Vc=223.2V, T=25.0\u00b0C"""
1739436910.1145413,515,b'\x00\x00\x00\x00\x02\x00\x01\x00',"""Speed=0rpm, Target=0rpm, Torque=0.2A"""
1739436910.1250467,513,b'\xfa\xff\xae\x00\\\xff\x00\x00',"""Ia=-0.6A, Ib=17.4A, Ic=-16.4A"""
1739436910.1250467,514,b'\xa6\x08\xbc\x08\xa7\x08\xfa\x00',"""Va=221.4V, Vb=223.6V, Vc=221.5V, T=25.0\u00b0C"""
1739436910.1250467,515,b'\x00\x00\x00\x00\x06\x00\x01\x00',"""Speed=0rpm, Target=0rpm, Torque=0.6A"""
1739436910.135418,513,b'\xfa\xff\xa4\x00K\xff\x00\x00',"""Ia=-0.6A, Ib=16.4A, Ic=-18.1A"""
1739436910.135418,514,b'y\x08\x7f\x08r\x08\xfa\x00',"""Va=216.9V, Vb=217.5V, Vc=216.2V, T=25.0\u00b0C"""
1739436910.135418,515,b'\x00\x00\x00\x00\x06\x00\x01\x00',"""Speed=0rpm, Target=0rpm, Torque=0.6A"""
1739436910.1458936,513,b'\x06\x00\xb6\x00P\xff\x00\x00',"""Ia=0.6A, Ib=18.2A, Ic=-17.6A"""
1739436910.1458936,514,b'\xaa\x08i\x08\x91\x08\xfa\x00',"""Va=221.8V, Vb=215.3V, Vc=219.3V, T=25.0\u00b0C"""
1739436910.1458936,515,b'\x00\x00\x00\x00\x06\x00\x01\x00',"""Speed=0rpm, Target=0rpm, Torque=0.6A"""
1739436910.1561513,513,b'\x00\x00\xa3\x00K\xff\x00\x00',"""Ia=0.0A, Ib=16.3A, Ic=-18.1A"""
1739436910.1561513,514,b'\xc2\x08\x8a\x08f\x08\xfa\x00',"""Va=224.2V, Vb=218.6V, Vc=215.0V, T=25.0\u00b0C"""
1739436910.1561513,515,b'\x00\x00\x00\x00\x00\x00\x01\x00',"""Speed=0rpm, Target=0rpm, Torque=0.0A"""
1739436910.1665502,513,b'\x00\x00\xb4\x00P\xff\x00\x00',"""Ia=0.0A, Ib=18.0A, Ic=-17.6A"""
1739436910.1665502,514,b'\xa1\x08\x9e\x08\x9e\x08\xfa\x00',"""Va=220.9V, Vb=220.6V, Vc=220.6V, T=25.0\u00b0C"""
1739436910.1665502,515,b'\x00\x00\x00\x00\x00\x00\x01\x00',"""Speed=0rpm, Target=0rpm, Torque=0.0A"""
1739436910.419075,513,b'\x06\x00\xa8\x00W\xff\x00\x00',"""Ia=0.6A, Ib=16.8A, Ic=-16.9A"""
1739436910.419075,514,b'\x95\x08\xc2\x08\xb9\x08\xfa\x00',"""Va=219.7V, Vb=224.2V, Vc=223.3V, T=25.0\u00b0C"""
1739436910.4293942,513,b'\xf9\xff\xb7\x00Y\xff\x00\x00',"""Ia=-0.7A, Ib=18.3A, Ic=-16.7A"""
1739436910.4293942,514,b'\xbb\x08y\x08w\x08\xfa\x00',"""Va=223.5V, Vb=216.9V, Vc=216.7V, T=25.0\u00b0C"""
1739436910.4293942,515,b'\x00\x00\x00\x00\x07\x00\x01\x00',"""Speed=0rpm, Target=0rpm, Torque=0.7A"""
1739436910.4396417,513,b'\x01\x00\xb4\x00M\xff\x00\x00',"""Ia=0.1A, Ib=18.0A, Ic=-17.9A"""
1739436910.419075,515,b'\x00\x00\x00\x00\x06\x00\x01\x00',"""Speed=0rpm, Target=0rpm, Torque=0.6A"""
1739436910.4396417,514,b'o\x08\x82\x08\x92\x08\xfa\x00',"""Va=215.9V, Vb=217.8V, Vc=219.4V, T=25.0\u00b0C"""
1739436910.4497812,513,b'\x01\x00\xb2\x00K\xff\x00\x00',"""Ia=0.1A, Ib=17.8A, Ic=-18.1A"""
1739436910.4497907,514,b'\xb1\x08\xa9\x08\xc1\x08\xfa\x00',"""Va=222.5V, Vb=221.7V, Vc=224.1V, T=25.0\u00b0C"""
1739436910.4497907,515,b'\x00\x00\x00\x00\x01\x00\x01\x00',"""Speed=0rpm, Target=0rpm, Torque=0.1A"""
1739436910.4601958,513,b'\xf9\xff\xaa\x00K\xff\x00\x00',"""Ia=-0.7A, Ib=17.0A, Ic=-18.1A"""
1739436910.4601958,514,b't\x08\xaf\x08\xbf\x08\xfa\x00',"""Va=216.4V, Vb=222.3V, Vc=223.9V, T=25.0\u00b0C"""
1739436910.4601958,515,b'\x00\x00\x00\x00\x07\x00\x01\x00',"""Speed=0rpm, Target=0rpm, Torque=0.7A"""
1739436910.4705472,513,b'\x07\x00\xa6\x00X\xff\x00\x00',"""Ia=0.7A, Ib=16.6A, Ic=-16.8A"""
1739436910.4705472,514,b'\xa2\x08\xa6\x08s\x08\xfa\x00',"""Va=221.0V, Vb=221.4V, Vc=216.3V, T=25.0\u00b0C"""
1739436910.4396417,515,b'\x00\x00\x00\x00\x01\x00\x01\x00',"""Speed=0rpm, Target=0rpm, Torque=0.1A"""
1739436910.4808717,513,b'\xfc\xff\xb2\x00\\\xff\x00\x00',"""Ia=-0.4A, Ib=17.8A, Ic=-16.4A"""
1739436910.4809017,514,b'\xb9\x08x\x08\xc2\x08\xfa\x00',"""Va=223.3V, Vb=216.8V, Vc=224.2V, T=25.0\u00b0C"""
1739436910.4809017,515,b'\x00\x00\x00\x00\x04\x00\x01\x00',"""Speed=0rpm, Target=0rpm, Torque=0.4A"""
1739436910.4912996,513,b'\xf7\xff\xb3\x00V\xff\x00\x00',"""Ia=-0.9A, Ib=17.9A, Ic=-17.0A"""
1739436910.4705472,515,b'\x00\x00\x00\x00\x07\x00\x01\x00',"""Speed=0rpm, Target=0rpm, Torque=0.7A"""
1739436910.4912996,514,b'\x8f\x08\xb3\x08\xa4\x08\xfa\x00',"""Va=219.1V, Vb=222.7V, Vc=221.2V, T=25.0\u00b0C"""
1739436910.5020304,513,b'\xfe\xff\xa6\x00N\xff\x00\x00',"""Ia=-0.2A, Ib=16.6A, Ic=-17.8A"""
1739436910.4912996,515,b'\x00\x00\x00\x00\t\x00\x01\x00',"""Speed=0rpm, Target=0rpm, Torque=0.9A"""
1739436910.5020304,515,b'\x00\x00\x00\x00\x02\x00\x01\x00',"""Speed=0rpm, Target=0rpm, Torque=0.2A"""
1739436910.5121093,513,b'\x06\x00\xb3\x00Q\xff\x00\x00',"""Ia=0.6A, Ib=17.9A, Ic=-17.5A"""
1739436910.5121093,514,b'\x80\x08|\x08\xb6\x08\xfa\x00',"""Va=217.6V, Vb=217.2V, Vc=223.0V, T=25.0\u00b0C"""
1739436910.5121093,515,b'\x00\x00\x00\x00\x06\x00\x01\x00',"""Speed=0rpm, Target=0rpm, Torque=0.6A"""
1739436910.5222015,513,b'\xfc\xff\xb6\x00W\xff\x00\x00',"""Ia=-0.4A, Ib=18.2A, Ic=-16.9A"""
1739436910.5222015,514,b's\x08\x93\x08l\x08\xfa\x00',"""Va=216.3V, Vb=219.5V, Vc=215.6V, T=25.0\u00b0C"""
1739436910.5222015,515,b'\x00\x00\x00\x00\x04\x00\x01\x00',"""Speed=0rpm, Target=0rpm, Torque=0.4A"""
1739436910.5324361,513,b'\t\x00\xae\x00K\xff\x00\x00',"""Ia=0.9A, Ib=17.4A, Ic=-18.1A"""
1739436910.5020304,514,b'\xc5\x08|\x08\x89\x08\xfa\x00',"""Va=224.5V, Vb=217.2V, Vc=218.5V, T=25.0\u00b0C"""
1739436910.5324361,514,b'\xb6\x08\xab\x08\x9b\x08\xfa\x00',"""Va=223.0V, Vb=221.9V, Vc=220.3V, T=25.0\u00b0C"""
1739436910.5425107,513,b'\x03\x00\xae\x00K\xff\x00\x00',"""Ia=0.3A, Ib=17.4A, Ic=-18.1A"""
1739436910.5425594,514,b'\xa3\x08\x98\x08\xbd\x08\xfa\x00',"""Va=221.1V, Vb=220.0V, Vc=223.7V, T=25.0\u00b0C"""
1739436910.5425594,515,b'\x00\x00\x00\x00\x03\x00\x01\x00',"""Speed=0rpm, Target=0rpm, Torque=0.3A"""
1739436910.5324361,515,b'\x00\x00\x00\x00\t\x00\x01\x00',"""Speed=0rpm, Target=0rpm, Torque=0.9A"""
1739436910.5530357,513,b'\xff\xff\xb4\x00J\xff\x00\x00',"""Ia=-0.1A, Ib=18.0A, Ic=-18.2A"""
1739436910.5530357,514,b'\xbb\x08\x98\x08l\x08\xfa\x00',"""Va=223.5V, Vb=220.0V, Vc=215.6V, T=25.0\u00b0C"""
1739436910.5530357,515,b'\x00\x00\x00\x00\x01\x00\x01\x00',"""Speed=0rpm, Target=0rpm, Torque=0.1A"""
1739436910.5636766,513,b'\x08\x00\xa5\x00Q\xff\x00\x00',"""Ia=0.8A, Ib=16.5A, Ic=-17.5A"""
1739436910.5636766,515,b'\x00\x00\x00\x00\x08\x00\x01\x00',"""Speed=0rpm, Target=0rpm, Torque=0.8A"""
1739436910.5737631,513,b'\xfd\xff\xb2\x00L\xff\x00\x00',"""Ia=-0.3A, Ib=17.8A, Ic=-18.0A"""
1739436910.5738122,514,b'\xa0\x08\x96\x08w\x08\xfa\x00',"""Va=220.8V, Vb=219.8V, Vc=216.7V, T=25.0\u00b0C"""
1739436910.5738122,515,b'\x00\x00\x00\x00\x03\x00\x01\x00',"""Speed=0rpm, Target=0rpm, Torque=0.3A"""
1739436910.5636766,514,b'\xb5\x08\xae\x08\xaa\x08\xfa\x00',"""Va=222.9V, Vb=222.2V, Vc=221.8V, T=25.0\u00b0C"""
1739436910.5847485,513,b'\xfe\xff\xa5\x00Y\xff\x00\x00',"""Ia=-0.2A, Ib=16.5A, Ic=-16.7A"""
1739436910.5847485,515,b'\x00\x00\x00\x00\x02\x00\x01\x00',"""Speed=0rpm, Target=0rpm, Torque=0.2A"""
1739436910.5949948,513,b'\xf8\xff\xab\x00J\xff\x00\x00',"""Ia=-0.8A, Ib=17.1A, Ic=-18.2A"""
1739436910.5949948,514,b'h\x08\x93\x08\xc9\x08\xfa\x00',"""Va=215.2V, Vb=219.5V, Vc=224.9V, T=25.0\u00b0C"""
1739436910.5949948,515,b'\x00\x00\x00\x00\x08\x00\x01\x00',"""Speed=0rpm, Target=0rpm, Torque=0.8A"""
1739436910.605127,513,b'\xf9\xff\xb3\x00M\xff\x00\x00',"""Ia=-0.7A, Ib=17.9A, Ic=-17.9A"""
1739436910.605127,514,b'\xc0\x08f\x08\xb9\x08\xfa\x00',"""Va=224.0V, Vb=215.0V, Vc=223.3V, T=25.0\u00b0C"""
1739436910.605127,515,b'\x00\x00\x00\x00\x07\x00\x01\x00',"""Speed=0rpm, Target=0rpm, Torque=0.7A"""
1739436910.5847485,514,b'\xa0\x08\x89\x08\x9c\x08\xfa\x00',"""Va=220.8V, Vb=218.5V, Vc=220.4V, T=25.0\u00b0C"""
1739436910.616239,513,b'\x02\x00\xa9\x00O\xff\x00\x00',"""Ia=0.2A, Ib=16.9A, Ic=-17.7A"""
1739436910.616239,515,b'\x00\x00\x00\x00\x02\x00\x01\x00',"""Speed=0rpm, Target=0rpm, Torque=0.2A"""
1739436910.6264172,513,b'\xff\xff\xab\x00[\xff\x00\x00',"""Ia=-0.1A, Ib=17.1A, Ic=-16.5A"""
1739436910.616239,514,b'g\x08\xa9\x08\x8a\x08\xfa\x00',"""Va=215.1V, Vb=221.7V, Vc=218.6V, T=25.0\u00b0C"""
1739436910.6264172,514,b'\xb2\x08\xc0\x08\xa4\x08\xfa\x00',"""Va=222.6V, Vb=224.0V, Vc=221.2V, T=25.0\u00b0C"""
1739436910.6365154,513,b'\x00\x00\xb5\x00P\xff\x00\x00',"""Ia=0.0A, Ib=18.1A, Ic=-17.6A"""
1739436910.6365154,514,b'\xc5\x08~\x08\x98\x08\xfa\x00',"""Va=224.5V, Vb=217.4V, Vc=220.0V, T=25.0\u00b0C"""
1739436910.6365154,515,b'\x00\x00\x00\x00\x00\x00\x01\x00',"""Speed=0rpm, Target=0rpm, Torque=0.0A"""
1739436910.647505,513,b'\xfc\xff\xae\x00Q\xff\x00\x00',"""Ia=-0.4A, Ib=17.4A, Ic=-17.5A"""
1739436910.647505,514,b'\x9d\x08q\x08\xba\x08\xfa\x00',"""Va=220.5V, Vb=216.1V, Vc=223.4V, T=25.0\u00b0C"""
1739436910.647505,515,b'\x00\x00\x00\x00\x04\x00\x01\x00',"""Speed=0rpm, Target=0rpm, Torque=0.4A"""
1739436910.6581929,513,b'\xfd\xff\xab\x00J\xff\x00\x00',"""Ia=-0.3A, Ib=17.1A, Ic=-18.2A"""
1739436910.6581929,514,b'k\x08\xc0\x08\xb1\x08\xfa\x00',"""Va=215.5V, Vb=224.0V, Vc=222.5V, T=25.0\u00b0C"""
1739436910.6581929,515,b'\x00\x00\x00\x00\x03\x00\x01\x00',"""Speed=0rpm, Target=0rpm, Torque=0.3A"""
1739436910.6683018,513,b'\x04\x00\xab\x00K\xff\x00\x00',"""Ia=0.4A, Ib=17.1A, Ic=-18.1A"""
1739436910.6683018,514,b'\xa9\x08\x7f\x08\x8b\x08\xfa\x00',"""Va=221.7V, Vb=217.5V, Vc=218.7V, T=25.0\u00b0C"""
1739436910.6683018,515,b'\x00\x00\x00\x00\x04\x00\x01\x00',"""Speed=0rpm, Target=0rpm, Torque=0.4A"""
1739436910.6784933,513,b'\x01\x00\xa3\x00T\xff\x00\x00',"""Ia=0.1A, Ib=16.3A, Ic=-17.2A"""
1739436910.6784933,514,b'z\x08\xb3\x08\x96\x08\xfa\x00',"""Va=217.0V, Vb=222.7V, Vc=219.8V, T=25.0\u00b0C"""
1739436910.6784933,515,b'\x00\x00\x00\x00\x01\x00\x01\x00',"""Speed=0rpm, Target=0rpm, Torque=0.1A"""
1739436910.6886554,513,b'\xf8\xff\xae\x00Z\xff\x00\x00',"""Ia=-0.8A, Ib=17.4A, Ic=-16.6A"""
1739436910.6264172,515,b'\x00\x00\x00\x00\x01\x00\x01\x00',"""Speed=0rpm, Target=0rpm, Torque=0.1A"""
1739436910.6886554,514,b'\xb2\x08\x94\x08\xa6\x08\xfa\x00',"""Va=222.6V, Vb=219.6V, Vc=221.4V, T=25.0\u00b0C"""
1739436910.69893,513,b'\x05\x00\xb5\x00R\xff\x00\x00',"""Ia=0.5A, Ib=18.1A, Ic=-17.4A"""
1739436910.69893,514,b'\x8a\x08\xba\x08\xa6\x08\xfa\x00',"""Va=218.6V, Vb=223.4V, Vc=221.4V, T=25.0\u00b0C"""
1739436910.69893,515,b'\x00\x00\x00\x00\x05\x00\x01\x00',"""Speed=0rpm, Target=0rpm, Torque=0.5A"""
1739436910.70991,513,b'\t\x00\xab\x00]\xff\x00\x00',"""Ia=0.9A, Ib=17.1A, Ic=-16.3A"""
1739436910.70991,514,b'\x97\x08\x8d\x08\xb5\x08\xfa\x00',"""Va=219.9V, Vb=218.9V, Vc=222.9V, T=25.0\u00b0C"""
1739436910.70991,515,b'\x00\x00\x00\x00\t\x00\x01\x00',"""Speed=0rpm, Target=0rpm, Torque=0.9A"""
1739436910.7207787,513,b'\xfa\xff\xa7\x00P\xff\x00\x00',"""Ia=-0.6A, Ib=16.7A, Ic=-17.6A"""
1739436910.7207787,514,b'm\x08v\x08\x81\x08\xfa\x00',"""Va=215.7V, Vb=216.6V, Vc=217.7V, T=25.0\u00b0C"""
1739436910.7207787,515,b'\x00\x00\x00\x00\x06\x00\x01\x00',"""Speed=0rpm, Target=0rpm, Torque=0.6A"""
1739436910.7315698,513,b'\xfb\xff\xb4\x00\\\xff\x00\x00',"""Ia=-0.5A, Ib=18.0A, Ic=-16.4A"""
1739436910.7315698,514,b'\x8d\x08\xb5\x08q\x08\xfa\x00',"""Va=218.9V, Vb=222.9V, Vc=216.1V, T=25.0\u00b0C"""
1739436910.7315698,515,b'\x00\x00\x00\x00\x05\x00\x01\x00',"""Speed=0rpm, Target=0rpm, Torque=0.5A"""
1739436910.741825,513,b'\x03\x00\xa8\x00L\xff\x00\x00',"""Ia=0.3A, Ib=16.8A, Ic=-18.0A"""
1739436910.741825,514,b'i\x08\x8a\x08\xbe\x08\xfa\x00',"""Va=215.3V, Vb=218.6V, Vc=223.8V, T=25.0\u00b0C"""
1739436910.741825,515,b'\x00\x00\x00\x00\x03\x00\x01\x00',"""Speed=0rpm, Target=0rpm, Torque=0.3A"""
1739436910.7520332,513,b'\x05\x00\xae\x00P\xff\x00\x00',"""Ia=0.5A, Ib=17.4A, Ic=-17.6A"""
1739436910.7520332,514,b'\x82\x08\x9d\x08\x96\x08\xfa\x00',"""Va=217.8V, Vb=220.5V, Vc=219.8V, T=25.0\u00b0C"""
1739436910.7520332,515,b'\x00\x00\x00\x00\x05\x00\x01\x00',"""Speed=0rpm, Target=0rpm, Torque=0.5A"""
1739436910.7622712,513,b'\x07\x00\xac\x00Y\xff\x00\x00',"""Ia=0.7A, Ib=17.2A, Ic=-16.7A"""
1739436910.7622712,514,b'\xb6\x08\x86\x08\x83\x08\xfa\x00',"""Va=223.0V, Vb=218.2V, Vc=217.9V, T=25.0\u00b0C"""
1739436910.7622712,515,b'\x00\x00\x00\x00\x07\x00\x01\x00',"""Speed=0rpm, Target=0rpm, Torque=0.7A"""
1739436910.7723804,513,b'\x06\x00\xa4\x00R\xff\x00\x00',"""Ia=0.6A, Ib=16.4A, Ic=-17.4A"""
1739436910.7723804,514,b'\xbb\x08\xae\x08x\x08\xfa\x00',"""Va=223.5V, Vb=222.2V, Vc=216.8V, T=25.0\u00b0C"""
1739436910.7723804,515,b'\x00\x00\x00\x00\x06\x00\x01\x00',"""Speed=0rpm, Target=0rpm, Torque=0.6A"""
1739436910.7830617,513,b'\xfc\xff\xb6\x00O\xff\x00\x00',"""Ia=-0.4A, Ib=18.2A, Ic=-17.7A"""
1739436910.6886554,515,b'\x00\x00\x00\x00\x08\x00\x01\x00',"""Speed=0rpm, Target=0rpm, Torque=0.8A"""
1739436910.7830617,514,b'\xb6\x08|\x08\xb3\x08\xfa\x00',"""Va=223.0V, Vb=217.2V, Vc=222.7V, T=25.0\u00b0C"""
1739436910.793563,513,b'\x01\x00\xaf\x00Y\xff\x00\x00',"""Ia=0.1A, Ib=17.5A, Ic=-16.7A"""
1739436910.793563,514,b'\xac\x08\xb1\x08\xc4\x08\xfa\x00',"""Va=222.0V, Vb=222.5V, Vc=224.4V, T=25.0\u00b0C"""
1739436910.793563,515,b'\x00\x00\x00\x00\x01\x00\x01\x00',"""Speed=0rpm, Target=0rpm, Torque=0.1A"""
1739436910.8036938,513,b'\x02\x00\xb0\x00V\xff\x00\x00',"""Ia=0.2A, Ib=17.6A, Ic=-17.0A"""
1739436910.8036938,514,b'\xc7\x08\xba\x08j\x08\xfa\x00',"""Va=224.7V, Vb=223.4V, Vc=215.4V, T=25.0\u00b0C"""
1739436910.8036938,515,b'\x00\x00\x00\x00\x02\x00\x01\x00',"""Speed=0rpm, Target=0rpm, Torque=0.2A"""
1739436910.814451,513,b'\x01\x00\xac\x00J\xff\x00\x00',"""Ia=0.1A, Ib=17.2A, Ic=-18.2A"""
1739436910.814451,514,b'\xb8\x08\xb1\x08x\x08\xfa\x00',"""Va=223.2V, Vb=222.5V, Vc=216.8V, T=25.0\u00b0C"""
1739436910.814451,515,b'\x00\x00\x00\x00\x01\x00\x01\x00',"""Speed=0rpm, Target=0rpm, Torque=0.1A"""
1739436910.8251777,513,b'\xf8\xff\xac\x00K\xff\x00\x00',"""Ia=-0.8A, Ib=17.2A, Ic=-18.1A"""
1739436910.8251777,514,b'\xa8\x08\x8a\x08\xc1\x08\xfa\x00',"""Va=221.6V, Vb=218.6V, Vc=224.1V, T=25.0\u00b0C"""
1739436910.8251777,515,b'\x00\x00\x00\x00\x08\x00\x01\x00',"""Speed=0rpm, Target=0rpm, Torque=0.8A"""
1739436910.8353999,513,b'\xf8\xff\xa7\x00\\\xff\x00\x00',"""Ia=-0.8A, Ib=16.7A, Ic=-16.4A"""
1739436910.8353999,514,b'r\x08\x95\x08\x8e\x08\xfa\x00',"""Va=216.2V, Vb=219.7V, Vc=219.0V, T=25.0\u00b0C"""
1739436910.8353999,515,b'\x00\x00\x00\x00\x08\x00\x01\x00',"""Speed=0rpm, Target=0rpm, Torque=0.8A"""
1739436910.8460248,513,b'\x00\x00\xa8\x00P\xff\x00\x00',"""Ia=0.0A, Ib=16.8A, Ic=-17.6A"""
1739436910.8460248,514,b'\x99\x08\x81\x08\xb7\x08\xfa\x00',"""Va=220.1V, Vb=217.7V, Vc=223.1V, T=25.0\u00b0C"""
1739436910.7830617,515,b'\x00\x00\x00\x00\x04\x00\x01\x00',"""Speed=0rpm, Target=0rpm, Torque=0.4A"""
1739436910.8460248,515,b'\x00\x00\x00\x00\x00\x00\x01\x00',"""Speed=0rpm, Target=0rpm, Torque=0.0A"""
1739436910.8564575,513,b'\xf8\xff\xa7\x00W\xff\x00\x00',"""Ia=-0.8A, Ib=16.7A, Ic=-16.9A"""
1739436910.8564575,514,b'\x9d\x08\xac\x08p\x08\xfa\x00',"""Va=220.5V, Vb=222.0V, Vc=216.0V, T=25.0\u00b0C"""
1739436910.8564575,515,b'\x00\x00\x00\x00\x08\x00\x01\x00',"""Speed=0rpm, Target=0rpm, Torque=0.8A"""
1739436910.8668404,513,b'\x08\x00\xb0\x00Q\xff\x00\x00',"""Ia=0.8A, Ib=17.6A, Ic=-17.5A"""
1739436910.8668404,514,b'p\x08\xc2\x08}\x08\xfa\x00',"""Va=216.0V, Vb=224.2V, Vc=217.3V, T=25.0\u00b0C"""
1739436910.877311,513,b'\x05\x00\xab\x00U\xff\x00\x00',"""Ia=0.5A, Ib=17.1A, Ic=-17.1A"""
1739436910.877311,514,b'\x88\x08\x90\x08\x90\x08\xfa\x00',"""Va=218.4V, Vb=219.2V, Vc=219.2V, T=25.0\u00b0C"""
1739436910.877311,515,b'\x00\x00\x00\x00\x05\x00\x01\x00',"""Speed=0rpm, Target=0rpm, Torque=0.5A"""
1739436910.8873737,513,b'\x03\x00\xa8\x00R\xff\x00\x00',"""Ia=0.3A, Ib=16.8A, Ic=-17.4A"""
1739436910.8668404,515,b'\x00\x00\x00\x00\x08\x00\x01\x00',"""Speed=0rpm, Target=0rpm, Torque=0.8A"""
1739436910.8873737,514,b'\x9a\x08\x8f\x08r\x08\xfa\x00',"""Va=220.2V, Vb=219.1V, Vc=216.2V, T=25.0\u00b0C"""
1739436910.8873737,515,b'\x00\x00\x00\x00\x03\x00\x01\x00',"""Speed=0rpm, Target=0rpm, Torque=0.3A"""
1739436910.897711,513,b'\xfe\xff\xab\x00Q\xff\x00\x00',"""Ia=-0.2A, Ib=17.1A, Ic=-17.5A"""
1739436910.897711,515,b'\x00\x00\x00\x00\x02\x00\x01\x00',"""Speed=0rpm, Target=0rpm, Torque=0.2A"""
1739436910.908022,513,b'\x08\x00\xb3\x00]\xff\x00\x00',"""Ia=0.8A, Ib=17.9A, Ic=-16.3A"""
1739436910.908022,514,b'u\x08\xc0\x08\xa3\x08\xfa\x00',"""Va=216.5V, Vb=224.0V, Vc=221.1V, T=25.0\u00b0C"""
1739436910.908022,515,b'\x00\x00\x00\x00\x08\x00\x01\x00',"""Speed=0rpm, Target=0rpm, Torque=0.8A"""
1739436910.9181054,513,b'\xfd\xff\xad\x00\\\xff\x00\x00',"""Ia=-0.3A, Ib=17.3A, Ic=-16.4A"""
1739436910.897711,514,b'\xc4\x08\xc7\x08\xb1\x08\xfa\x00',"""Va=224.4V, Vb=224.7V, Vc=222.5V, T=25.0\u00b0C"""
1739436910.9181054,515,b'\x00\x00\x00\x00\x03\x00\x01\x00',"""Speed=0rpm, Target=0rpm, Torque=0.3A"""
1739436910.9281955,513,b'\x05\x00\xaf\x00N\xff\x00\x00',"""Ia=0.5A, Ib=17.5A, Ic=-17.8A"""
1739436910.9181054,514,b'\xa0\x08\xa2\x08\x9b\x08\xfa\x00',"""Va=220.8V, Vb=221.0V, Vc=220.3V, T=25.0\u00b0C"""
1739436910.9281955,514,b'\xa5\x08m\x08\x89\x08\xfa\x00',"""Va=221.3V, Vb=215.7V, Vc=218.5V, T=25.0\u00b0C"""
1739436910.938442,513,b'\x02\x00\xab\x00T\xff\x00\x00',"""Ia=0.2A, Ib=17.1A, Ic=-17.2A"""
1739436910.938442,514,b'\x87\x08\xb1\x08\x8b\x08\xfa\x00',"""Va=218.3V, Vb=222.5V, Vc=218.7V, T=25.0\u00b0C"""
1739436910.9281955,515,b'\x00\x00\x00\x00\x05\x00\x01\x00',"""Speed=0rpm, Target=0rpm, Torque=0.5A"""
1739436910.938442,515,b'\x00\x00\x00\x00\x02\x00\x01\x00',"""Speed=0rpm, Target=0rpm, Torque=0.2A"""
1739436910.9484892,514,b'r\x08q\x08\x94\x08\xfa\x00',"""Va=216.2V, Vb=216.1V, Vc=219.6V, T=25.0\u00b0C"""
1739436910.948536,515,b'\x00\x00\x00\x00\t\x00\x01\x00',"""Speed=0rpm, Target=0rpm, Torque=0.9A"""
1739436910.9586463,513,b'\x08\x00\xb2\x00]\xff\x00\x00',"""Ia=0.8A, Ib=17.8A, Ic=-16.3A"""
1739436910.9484892,513,b'\t\x00\xb3\x00N\xff\x00\x00',"""Ia=0.9A, Ib=17.9A, Ic=-17.8A"""
1739436910.9586463,514,b'\xb3\x08\x8c\x08\xc3\x08\xfa\x00',"""Va=222.7V, Vb=218.8V, Vc=224.3V, T=25.0\u00b0C"""
1739436910.96874,513,b'\xfa\xff\xb2\x00\\\xff\x00\x00',"""Ia=-0.6A, Ib=17.8A, Ic=-16.4A"""
1739436910.9586463,515,b'\x00\x00\x00\x00\x08\x00\x01\x00',"""Speed=0rpm, Target=0rpm, Torque=0.8A"""
1739436910.96874,514,b'\xc5\x08\xab\x08\xc2\x08\xfa\x00',"""Va=224.5V, Vb=221.9V, Vc=224.2V, T=25.0\u00b0C"""
1739436910.979335,513,b'\xf9\xff\xac\x00Y\xff\x00\x00',"""Ia=-0.7A, Ib=17.2A, Ic=-16.7A"""
1739436910.979335,514,b'\x9b\x08\xa8\x08\xc6\x08\xfa\x00',"""Va=220.3V, Vb=221.6V, Vc=224.6V, T=25.0\u00b0C"""
